=========================================================================
Log Path:
C:/Users/B508680/Documents/phylo_simulation/phylo_simulation/output/simulation/log/simulation.log
Program Path:
C:/Users/B508680/Documents/phylo_simulation/phylo_simulation/code/simulation_only.R
Working Directory:
C:/Users/B508680/Documents/phylo_simulation/phylo_simulation/code
User Name: B508680
R Version: 4.4.0 (2024-04-24 ucrt)
Machine: C2201598 x86-64
Operating System: Windows 10 x64 build 26200
Base Packages: stats4 stats graphics grDevices utils datasets methods base
Other Packages: Biostrings_2.74.1 GenomeInfoDb_1.42.3 XVector_0.46.0
IRanges_2.40.1 S4Vectors_0.44.0 BiocGenerics_0.52.0 logr_1.3.9 common_1.1.5
phangorn_2.12.1 ape_5.8-1 seqinr_4.2-36 treeio_1.30.0 ggplot2_4.0.3
ggtree_3.14.0 dplyr_1.2.1 nosoi_1.1.2 data.table_1.18.4
Log Start Time: 2026-09-29 14:38:35.811884
=========================================================================

Attempt 1 | Successful simulations: 0/10 | Seed = 1928870

Starting transmission simulation Timepoint: 14:38:35 Max infected: 10000 Time
limit: 400

Transmission simulation complete. Time elapsed: 0 mins

Attempt 1 rejected: epidemic ended at day 5 (< 400 days).

Attempt 2 | Successful simulations: 0/10 | Seed = 3078189

Starting transmission simulation Timepoint: 14:38:36 Max infected: 10000 Time
limit: 400

Transmission simulation complete. Time elapsed: 0 mins

Attempt 2 rejected: epidemic ended at day 6 (< 400 days).

Attempt 3 | Successful simulations: 0/10 | Seed = 6773664

Starting transmission simulation Timepoint: 14:38:36 Max infected: 10000 Time
limit: 400

Transmission simulation complete. Time elapsed: 0 mins

Attempt 3 rejected: epidemic ended at day 14 (< 400 days).

Attempt 4 | Successful simulations: 0/10 | Seed = 9790501

Starting transmission simulation Timepoint: 14:38:36 Max infected: 10000 Time
limit: 400

Transmission simulation complete. Time elapsed: 0 mins

Attempt 4 rejected: epidemic ended at day 42 (< 400 days).

Attempt 5 | Successful simulations: 0/10 | Seed = 6069533

Starting transmission simulation Timepoint: 14:38:36 Max infected: 10000 Time
limit: 400

Transmission simulation complete. Time elapsed: 0 mins

Attempt 5 rejected: epidemic ended at day 27 (< 400 days).

Attempt 6 | Successful simulations: 0/10 | Seed = 4094524

Starting transmission simulation Timepoint: 14:38:36 Max infected: 10000 Time
limit: 400

Transmission simulation complete. Time elapsed: 0.01 mins

Attempt 6 rejected: epidemic ended at day 52 (< 400 days).

Attempt 7 | Successful simulations: 0/10 | Seed = 3355247

Starting transmission simulation Timepoint: 14:38:37 Max infected: 10000 Time
limit: 400

Transmission simulation complete. Time elapsed: 0 mins

Attempt 7 rejected: epidemic ended at day 5 (< 400 days).

Attempt 8 | Successful simulations: 0/10 | Seed = 3461331

Starting transmission simulation Timepoint: 14:38:37 Max infected: 10000 Time
limit: 400

Transmission simulation complete. Time elapsed: 0.01 mins

Attempt 8 rejected: epidemic ended at day 65 (< 400 days).

Attempt 9 | Successful simulations: 0/10 | Seed = 142860

Starting transmission simulation Timepoint: 14:38:37 Max infected: 10000 Time
limit: 400

Transmission simulation complete. Time elapsed: 0 mins

Attempt 9 rejected: epidemic ended at day 6 (< 400 days).

Attempt 10 | Successful simulations: 0/10 | Seed = 4911166

Starting transmission simulation Timepoint: 14:38:37 Max infected: 10000 Time
limit: 400

Transmission simulation complete. Time elapsed: 0 mins

Attempt 10 rejected: epidemic ended at day 4 (< 400 days).

Attempt 11 | Successful simulations: 0/10 | Seed = 9242555

Starting transmission simulation Timepoint: 14:38:37 Max infected: 10000 Time
limit: 400

Transmission simulation complete. Time elapsed: 0 mins

Attempt 11 rejected: epidemic ended at day 40 (< 400 days).

Attempt 12 | Successful simulations: 0/10 | Seed = 6656072

Starting transmission simulation Timepoint: 14:38:37 Max infected: 10000 Time
limit: 400

Transmission simulation complete. Time elapsed: 0 mins

Attempt 12 rejected: epidemic ended at day 5 (< 400 days).

Attempt 13 | Successful simulations: 0/10 | Seed = 1537412

Starting transmission simulation Timepoint: 14:38:37 Max infected: 10000 Time
limit: 400

Transmission simulation complete. Time elapsed: 0 mins

Attempt 13 rejected: epidemic ended at day 32 (< 400 days).

Attempt 14 | Successful simulations: 0/10 | Seed = 8401221

Starting transmission simulation Timepoint: 14:38:38 Max infected: 10000 Time
limit: 400

Transmission simulation complete. Time elapsed: 0 mins

Attempt 14 rejected: epidemic ended at day 42 (< 400 days).

Attempt 15 | Successful simulations: 0/10 | Seed = 7766300

Starting transmission simulation Timepoint: 14:38:38 Max infected: 10000 Time
limit: 400

Transmission simulation complete. Time elapsed: 0 mins

Attempt 15 rejected: epidemic ended at day 3 (< 400 days).

Attempt 16 | Successful simulations: 0/10 | Seed = 5885621

Starting transmission simulation Timepoint: 14:38:38 Max infected: 10000 Time
limit: 400

Transmission simulation complete. Time elapsed: 0.01 mins

Attempt 16 rejected: epidemic ended at day 70 (< 400 days).

Attempt 17 | Successful simulations: 0/10 | Seed = 4872346

Starting transmission simulation Timepoint: 14:38:39 Max infected: 10000 Time
limit: 400

Transmission simulation complete. Time elapsed: 0 mins

Attempt 17 rejected: epidemic ended at day 9 (< 400 days).

Attempt 18 | Successful simulations: 0/10 | Seed = 3153211

Starting transmission simulation Timepoint: 14:38:39 Max infected: 10000 Time
limit: 400

Transmission simulation complete. Time elapsed: 0 mins

Attempt 18 rejected: epidemic ended at day 8 (< 400 days).

Attempt 19 | Successful simulations: 0/10 | Seed = 9751943

Starting transmission simulation Timepoint: 14:38:39 Max infected: 10000 Time
limit: 400

Transmission simulation complete. Time elapsed: 0.01 mins

Attempt 19 rejected: epidemic ended at day 74 (< 400 days).

Attempt 20 | Successful simulations: 0/10 | Seed = 1198927

Starting transmission simulation Timepoint: 14:38:39 Max infected: 10000 Time
limit: 400

Transmission simulation complete. Time elapsed: 0 mins

Attempt 20 rejected: epidemic ended at day 12 (< 400 days).

Attempt 21 | Successful simulations: 0/10 | Seed = 9182291

Starting transmission simulation Timepoint: 14:38:40 Max infected: 10000 Time
limit: 400

Transmission simulation complete. Time elapsed: 0.08 mins

Successful simulation 1/10 obtained after 21 attempts.

Simulation 1 complete.

=========================================================================

Attempt 22 | Successful simulations: 1/10 | Seed = 4460385

Starting transmission simulation Timepoint: 14:38:55 Max infected: 10000 Time
limit: 400

Transmission simulation complete. Time elapsed: 0 mins

Attempt 22 rejected: epidemic ended at day 14 (< 400 days).

Attempt 23 | Successful simulations: 1/10 | Seed = 5953360

Starting transmission simulation Timepoint: 14:38:55 Max infected: 10000 Time
limit: 400

Transmission simulation complete. Time elapsed: 0.01 mins

Attempt 23 rejected: epidemic ended at day 55 (< 400 days).

Attempt 24 | Successful simulations: 1/10 | Seed = 4066370

Starting transmission simulation Timepoint: 14:38:56 Max infected: 10000 Time
limit: 400

Transmission simulation complete. Time elapsed: 0 mins

Attempt 24 rejected: epidemic ended at day 8 (< 400 days).

Attempt 25 | Successful simulations: 1/10 | Seed = 5001809

Starting transmission simulation Timepoint: 14:38:56 Max infected: 10000 Time
limit: 400

Transmission simulation complete. Time elapsed: 0.01 mins

Attempt 25 rejected: epidemic ended at day 54 (< 400 days).

Attempt 26 | Successful simulations: 1/10 | Seed = 1051939

Starting transmission simulation Timepoint: 14:38:56 Max infected: 10000 Time
limit: 400

Transmission simulation complete. Time elapsed: 0 mins

Attempt 26 rejected: epidemic ended at day 3 (< 400 days).

Attempt 27 | Successful simulations: 1/10 | Seed = 219104

Starting transmission simulation Timepoint: 14:38:56 Max infected: 10000 Time
limit: 400

Transmission simulation complete. Time elapsed: 0 mins

Attempt 27 rejected: epidemic ended at day 14 (< 400 days).

Attempt 28 | Successful simulations: 1/10 | Seed = 3254145

Starting transmission simulation Timepoint: 14:38:56 Max infected: 10000 Time
limit: 400

Transmission simulation complete. Time elapsed: 0.01 mins

Attempt 28 rejected: epidemic ended at day 29 (< 400 days).

Attempt 29 | Successful simulations: 1/10 | Seed = 971730

Starting transmission simulation Timepoint: 14:38:57 Max infected: 10000 Time
limit: 400

Transmission simulation complete. Time elapsed: 0 mins

Attempt 29 rejected: epidemic ended at day 6 (< 400 days).

Attempt 30 | Successful simulations: 1/10 | Seed = 6053216

Starting transmission simulation Timepoint: 14:38:57 Max infected: 10000 Time
limit: 400

Transmission simulation complete. Time elapsed: 0 mins

Attempt 30 rejected: epidemic ended at day 11 (< 400 days).

Attempt 31 | Successful simulations: 1/10 | Seed = 53949

Starting transmission simulation Timepoint: 14:38:57 Max infected: 10000 Time
limit: 400

Transmission simulation complete. Time elapsed: 0 mins

Attempt 31 rejected: epidemic ended at day 26 (< 400 days).

Attempt 32 | Successful simulations: 1/10 | Seed = 3833412

Starting transmission simulation Timepoint: 14:38:57 Max infected: 10000 Time
limit: 400

Transmission simulation complete. Time elapsed: 0 mins

Attempt 32 rejected: epidemic ended at day 15 (< 400 days).

Attempt 33 | Successful simulations: 1/10 | Seed = 9067458

Starting transmission simulation Timepoint: 14:38:57 Max infected: 10000 Time
limit: 400

Transmission simulation complete. Time elapsed: 0 mins

Attempt 33 rejected: epidemic ended at day 16 (< 400 days).

Attempt 34 | Successful simulations: 1/10 | Seed = 8036862

Starting transmission simulation Timepoint: 14:38:57 Max infected: 10000 Time
limit: 400

Transmission simulation complete. Time elapsed: 0 mins

Attempt 34 rejected: epidemic ended at day 16 (< 400 days).

Attempt 35 | Successful simulations: 1/10 | Seed = 3957328

Starting transmission simulation Timepoint: 14:38:58 Max infected: 10000 Time
limit: 400

Transmission simulation complete. Time elapsed: 0 mins

Attempt 35 rejected: epidemic ended at day 3 (< 400 days).

Attempt 36 | Successful simulations: 1/10 | Seed = 5181951

Starting transmission simulation Timepoint: 14:38:58 Max infected: 10000 Time
limit: 400

Transmission simulation complete. Time elapsed: 0 mins

Attempt 36 rejected: epidemic ended at day 4 (< 400 days).

Attempt 37 | Successful simulations: 1/10 | Seed = 8197931

Starting transmission simulation Timepoint: 14:38:58 Max infected: 10000 Time
limit: 400

Transmission simulation complete. Time elapsed: 0 mins

Attempt 37 rejected: epidemic ended at day 2 (< 400 days).

Attempt 38 | Successful simulations: 1/10 | Seed = 1410810

Starting transmission simulation Timepoint: 14:38:58 Max infected: 10000 Time
limit: 400

Transmission simulation complete. Time elapsed: 0 mins

Attempt 38 rejected: epidemic ended at day 3 (< 400 days).

Attempt 39 | Successful simulations: 1/10 | Seed = 3798629

Starting transmission simulation Timepoint: 14:38:58 Max infected: 10000 Time
limit: 400

Transmission simulation complete. Time elapsed: 0 mins

Attempt 39 rejected: epidemic ended at day 5 (< 400 days).

Attempt 40 | Successful simulations: 1/10 | Seed = 3021732

Starting transmission simulation Timepoint: 14:38:58 Max infected: 10000 Time
limit: 400

Transmission simulation complete. Time elapsed: 0 mins

Attempt 40 rejected: epidemic ended at day 9 (< 400 days).

Attempt 41 | Successful simulations: 1/10 | Seed = 975486

Starting transmission simulation Timepoint: 14:38:58 Max infected: 10000 Time
limit: 400

Transmission simulation complete. Time elapsed: 0 mins

Attempt 41 rejected: epidemic ended at day 20 (< 400 days).

Attempt 42 | Successful simulations: 1/10 | Seed = 8686407

Starting transmission simulation Timepoint: 14:38:58 Max infected: 10000 Time
limit: 400

Transmission simulation complete. Time elapsed: 0.02 mins

Attempt 42 rejected: epidemic ended at day 148 (< 400 days).

Attempt 43 | Successful simulations: 1/10 | Seed = 9274389

Starting transmission simulation Timepoint: 14:39:00 Max infected: 10000 Time
limit: 400

Transmission simulation complete. Time elapsed: 0 mins

Attempt 43 rejected: epidemic ended at day 26 (< 400 days).

Attempt 44 | Successful simulations: 1/10 | Seed = 185069

Starting transmission simulation Timepoint: 14:39:00 Max infected: 10000 Time
limit: 400

Transmission simulation complete. Time elapsed: 0.01 mins

Attempt 44 rejected: epidemic ended at day 72 (< 400 days).

Attempt 45 | Successful simulations: 1/10 | Seed = 2697541

Starting transmission simulation Timepoint: 14:39:00 Max infected: 10000 Time
limit: 400

Transmission simulation complete. Time elapsed: 0 mins

Attempt 45 rejected: epidemic ended at day 9 (< 400 days).

Attempt 46 | Successful simulations: 1/10 | Seed = 2215070

Starting transmission simulation Timepoint: 14:39:00 Max infected: 10000 Time
limit: 400

Transmission simulation complete. Time elapsed: 0 mins

Attempt 46 rejected: epidemic ended at day 17 (< 400 days).

Attempt 47 | Successful simulations: 1/10 | Seed = 1861836

Starting transmission simulation Timepoint: 14:39:01 Max infected: 10000 Time
limit: 400

Transmission simulation complete. Time elapsed: 0 mins

Attempt 47 rejected: epidemic ended at day 4 (< 400 days).

Attempt 48 | Successful simulations: 1/10 | Seed = 6290866

Starting transmission simulation Timepoint: 14:39:01 Max infected: 10000 Time
limit: 400

Transmission simulation complete. Time elapsed: 0 mins

Attempt 48 rejected: epidemic ended at day 26 (< 400 days).

Attempt 49 | Successful simulations: 1/10 | Seed = 4309026

Starting transmission simulation Timepoint: 14:39:01 Max infected: 10000 Time
limit: 400

Transmission simulation complete. Time elapsed: 0 mins

Attempt 49 rejected: epidemic ended at day 9 (< 400 days).

Attempt 50 | Successful simulations: 1/10 | Seed = 2131270

Starting transmission simulation Timepoint: 14:39:01 Max infected: 10000 Time
limit: 400

Transmission simulation complete. Time elapsed: 0.01 mins

Attempt 50 rejected: epidemic ended at day 31 (< 400 days).

Attempt 51 | Successful simulations: 1/10 | Seed = 8830538

Starting transmission simulation Timepoint: 14:39:02 Max infected: 10000 Time
limit: 400

Transmission simulation complete. Time elapsed: 0 mins

Attempt 51 rejected: epidemic ended at day 3 (< 400 days).

Attempt 52 | Successful simulations: 1/10 | Seed = 3660466

Starting transmission simulation Timepoint: 14:39:02 Max infected: 10000 Time
limit: 400

Transmission simulation complete. Time elapsed: 0 mins

Attempt 52 rejected: epidemic ended at day 19 (< 400 days).

Attempt 53 | Successful simulations: 1/10 | Seed = 940317

Starting transmission simulation Timepoint: 14:39:02 Max infected: 10000 Time
limit: 400

Transmission simulation complete. Time elapsed: 0.05 mins

Attempt 53 rejected: epidemic ended at day 322 (< 400 days).

Attempt 54 | Successful simulations: 1/10 | Seed = 3654793

Starting transmission simulation Timepoint: 14:39:05 Max infected: 10000 Time
limit: 400

Transmission simulation complete. Time elapsed: 0 mins

Attempt 54 rejected: epidemic ended at day 3 (< 400 days).

Attempt 55 | Successful simulations: 1/10 | Seed = 6752246

Starting transmission simulation Timepoint: 14:39:05 Max infected: 10000 Time
limit: 400

Transmission simulation complete. Time elapsed: 0 mins

Attempt 55 rejected: epidemic ended at day 3 (< 400 days).

Attempt 56 | Successful simulations: 1/10 | Seed = 9999267

Starting transmission simulation Timepoint: 14:39:05 Max infected: 10000 Time
limit: 400

Transmission simulation complete. Time elapsed: 0.07 mins

Attempt 56 rejected: epidemic ended at day 360 (< 400 days).

Attempt 57 | Successful simulations: 1/10 | Seed = 4158616

Starting transmission simulation Timepoint: 14:39:09 Max infected: 10000 Time
limit: 400

Transmission simulation complete. Time elapsed: 0 mins

Attempt 57 rejected: epidemic ended at day 3 (< 400 days).

Attempt 58 | Successful simulations: 1/10 | Seed = 6608481

Starting transmission simulation Timepoint: 14:39:09 Max infected: 10000 Time
limit: 400

Transmission simulation complete. Time elapsed: 0 mins

Attempt 58 rejected: epidemic ended at day 4 (< 400 days).

Attempt 59 | Successful simulations: 1/10 | Seed = 2253225

Starting transmission simulation Timepoint: 14:39:09 Max infected: 10000 Time
limit: 400

Transmission simulation complete. Time elapsed: 0 mins

Attempt 59 rejected: epidemic ended at day 12 (< 400 days).

Attempt 60 | Successful simulations: 1/10 | Seed = 8134580

Starting transmission simulation Timepoint: 14:39:09 Max infected: 10000 Time
limit: 400

Transmission simulation complete. Time elapsed: 0.01 mins

Attempt 60 rejected: epidemic ended at day 96 (< 400 days).

Attempt 61 | Successful simulations: 1/10 | Seed = 7669255

Starting transmission simulation Timepoint: 14:39:10 Max infected: 10000 Time
limit: 400

Transmission simulation complete. Time elapsed: 0 mins

Attempt 61 rejected: epidemic ended at day 19 (< 400 days).

Attempt 62 | Successful simulations: 1/10 | Seed = 5626961

Starting transmission simulation Timepoint: 14:39:10 Max infected: 10000 Time
limit: 400

Transmission simulation complete. Time elapsed: 0 mins

Attempt 62 rejected: epidemic ended at day 5 (< 400 days).

Attempt 63 | Successful simulations: 1/10 | Seed = 7379101

Starting transmission simulation Timepoint: 14:39:10 Max infected: 10000 Time
limit: 400

Transmission simulation complete. Time elapsed: 0 mins

Attempt 63 rejected: epidemic ended at day 21 (< 400 days).

Attempt 64 | Successful simulations: 1/10 | Seed = 2350590

Starting transmission simulation Timepoint: 14:39:11 Max infected: 10000 Time
limit: 400

Transmission simulation complete. Time elapsed: 0 mins

Attempt 64 rejected: epidemic ended at day 10 (< 400 days).

Attempt 65 | Successful simulations: 1/10 | Seed = 3747615

Starting transmission simulation Timepoint: 14:39:11 Max infected: 10000 Time
limit: 400

Transmission simulation complete. Time elapsed: 0 mins

Attempt 65 rejected: epidemic ended at day 27 (< 400 days).

Attempt 66 | Successful simulations: 1/10 | Seed = 5650182

Starting transmission simulation Timepoint: 14:39:11 Max infected: 10000 Time
limit: 400

Transmission simulation complete. Time elapsed: 0 mins

Attempt 66 rejected: epidemic ended at day 4 (< 400 days).

Attempt 67 | Successful simulations: 1/10 | Seed = 1612780

Starting transmission simulation Timepoint: 14:39:11 Max infected: 10000 Time
limit: 400

Transmission simulation complete. Time elapsed: 0 mins

Attempt 67 rejected: epidemic ended at day 2 (< 400 days).

Attempt 68 | Successful simulations: 1/10 | Seed = 8704039

Starting transmission simulation Timepoint: 14:39:11 Max infected: 10000 Time
limit: 400

Transmission simulation complete. Time elapsed: 0.01 mins

Attempt 68 rejected: epidemic ended at day 72 (< 400 days).

Attempt 69 | Successful simulations: 1/10 | Seed = 9616627

Starting transmission simulation Timepoint: 14:39:12 Max infected: 10000 Time
limit: 400

Transmission simulation complete. Time elapsed: 0 mins

Attempt 69 rejected: epidemic ended at day 16 (< 400 days).

Attempt 70 | Successful simulations: 1/10 | Seed = 5392973

Starting transmission simulation Timepoint: 14:39:12 Max infected: 10000 Time
limit: 400

Transmission simulation complete. Time elapsed: 0 mins

Attempt 70 rejected: epidemic ended at day 26 (< 400 days).

Attempt 71 | Successful simulations: 1/10 | Seed = 6763460

Starting transmission simulation Timepoint: 14:39:12 Max infected: 10000 Time
limit: 400

Transmission simulation complete. Time elapsed: 0 mins

Attempt 71 rejected: epidemic ended at day 24 (< 400 days).

Attempt 72 | Successful simulations: 1/10 | Seed = 7715474

Starting transmission simulation Timepoint: 14:39:12 Max infected: 10000 Time
limit: 400

Transmission simulation complete. Time elapsed: 0.01 mins

Attempt 72 rejected: epidemic ended at day 41 (< 400 days).

Attempt 73 | Successful simulations: 1/10 | Seed = 975738

Starting transmission simulation Timepoint: 14:39:13 Max infected: 10000 Time
limit: 400

Transmission simulation complete. Time elapsed: 0 mins

Attempt 73 rejected: epidemic ended at day 11 (< 400 days).

Attempt 74 | Successful simulations: 1/10 | Seed = 7229203

Starting transmission simulation Timepoint: 14:39:13 Max infected: 10000 Time
limit: 400

Transmission simulation complete. Time elapsed: 0 mins

Attempt 74 rejected: epidemic ended at day 10 (< 400 days).

Attempt 75 | Successful simulations: 1/10 | Seed = 131782

Starting transmission simulation Timepoint: 14:39:13 Max infected: 10000 Time
limit: 400

Transmission simulation complete. Time elapsed: 0 mins

Attempt 75 rejected: epidemic ended at day 14 (< 400 days).

Attempt 76 | Successful simulations: 1/10 | Seed = 4951469

Starting transmission simulation Timepoint: 14:39:13 Max infected: 10000 Time
limit: 400

Transmission simulation complete. Time elapsed: 0 mins

Attempt 76 rejected: epidemic ended at day 4 (< 400 days).

Attempt 77 | Successful simulations: 1/10 | Seed = 9276479

Starting transmission simulation Timepoint: 14:39:13 Max infected: 10000 Time
limit: 400

Transmission simulation complete. Time elapsed: 0 mins

Attempt 77 rejected: epidemic ended at day 4 (< 400 days).

Attempt 78 | Successful simulations: 1/10 | Seed = 2543771

Starting transmission simulation Timepoint: 14:39:13 Max infected: 10000 Time
limit: 400

Transmission simulation complete. Time elapsed: 0 mins

Attempt 78 rejected: epidemic ended at day 12 (< 400 days).

Attempt 79 | Successful simulations: 1/10 | Seed = 2056878

Starting transmission simulation Timepoint: 14:39:13 Max infected: 10000 Time
limit: 400

Transmission simulation complete. Time elapsed: 0.01 mins

Attempt 79 rejected: epidemic ended at day 107 (< 400 days).

Attempt 80 | Successful simulations: 1/10 | Seed = 1438125

Starting transmission simulation Timepoint: 14:39:14 Max infected: 10000 Time
limit: 400

Transmission simulation complete. Time elapsed: 0.07 mins

Successful simulation 2/10 obtained after 80 attempts.

Simulation 2 complete.

=========================================================================

Attempt 81 | Successful simulations: 2/10 | Seed = 2294762

Starting transmission simulation Timepoint: 14:39:21 Max infected: 10000 Time
limit: 400

Transmission simulation complete. Time elapsed: 0 mins

Attempt 81 rejected: epidemic ended at day 20 (< 400 days).

Attempt 82 | Successful simulations: 2/10 | Seed = 2935068

Starting transmission simulation Timepoint: 14:39:21 Max infected: 10000 Time
limit: 400

Transmission simulation complete. Time elapsed: 0 mins

Attempt 82 rejected: epidemic ended at day 3 (< 400 days).

Attempt 83 | Successful simulations: 2/10 | Seed = 8390768

Starting transmission simulation Timepoint: 14:39:21 Max infected: 10000 Time
limit: 400

Transmission simulation complete. Time elapsed: 0 mins

Attempt 83 rejected: epidemic ended at day 6 (< 400 days).

Attempt 84 | Successful simulations: 2/10 | Seed = 5140699

Starting transmission simulation Timepoint: 14:39:21 Max infected: 10000 Time
limit: 400

Transmission simulation complete. Time elapsed: 0.08 mins

Successful simulation 3/10 obtained after 84 attempts.

Simulation 3 complete.

=========================================================================

Attempt 85 | Successful simulations: 3/10 | Seed = 3691725

Starting transmission simulation Timepoint: 14:39:30 Max infected: 10000 Time
limit: 400

Transmission simulation complete. Time elapsed: 0 mins

Attempt 85 rejected: epidemic ended at day 10 (< 400 days).

Attempt 86 | Successful simulations: 3/10 | Seed = 7663754

Starting transmission simulation Timepoint: 14:39:31 Max infected: 10000 Time
limit: 400

Transmission simulation complete. Time elapsed: 0.01 mins

Attempt 86 rejected: epidemic ended at day 29 (< 400 days).

Attempt 87 | Successful simulations: 3/10 | Seed = 3828709

Starting transmission simulation Timepoint: 14:39:31 Max infected: 10000 Time
limit: 400

Transmission simulation complete. Time elapsed: 0 mins

Attempt 87 rejected: epidemic ended at day 16 (< 400 days).

Attempt 88 | Successful simulations: 3/10 | Seed = 5091355

Starting transmission simulation Timepoint: 14:39:31 Max infected: 10000 Time
limit: 400

Transmission simulation complete. Time elapsed: 0.01 mins

Attempt 88 rejected: epidemic ended at day 39 (< 400 days).

Attempt 89 | Successful simulations: 3/10 | Seed = 780869

Starting transmission simulation Timepoint: 14:39:31 Max infected: 10000 Time
limit: 400

Transmission simulation complete. Time elapsed: 0 mins

Attempt 89 rejected: epidemic ended at day 31 (< 400 days).

Attempt 90 | Successful simulations: 3/10 | Seed = 2159318

Starting transmission simulation Timepoint: 14:39:32 Max infected: 10000 Time
limit: 400

Transmission simulation complete. Time elapsed: 0 mins

Attempt 90 rejected: epidemic ended at day 4 (< 400 days).

Attempt 91 | Successful simulations: 3/10 | Seed = 1323513

Starting transmission simulation Timepoint: 14:39:32 Max infected: 10000 Time
limit: 400

Transmission simulation complete. Time elapsed: 0.06 mins

Successful simulation 4/10 obtained after 91 attempts.

Simulation 4 complete.

=========================================================================

Attempt 92 | Successful simulations: 4/10 | Seed = 3050029

Starting transmission simulation Timepoint: 14:39:37 Max infected: 10000 Time
limit: 400

Transmission simulation complete. Time elapsed: 0 mins

Attempt 92 rejected: epidemic ended at day 5 (< 400 days).

Attempt 93 | Successful simulations: 4/10 | Seed = 713746

Starting transmission simulation Timepoint: 14:39:37 Max infected: 10000 Time
limit: 400

Transmission simulation complete. Time elapsed: 0 mins

Attempt 93 rejected: epidemic ended at day 6 (< 400 days).

Attempt 94 | Successful simulations: 4/10 | Seed = 1659324

Starting transmission simulation Timepoint: 14:39:37 Max infected: 10000 Time
limit: 400

Transmission simulation complete. Time elapsed: 0.02 mins

Attempt 94 rejected: epidemic ended at day 137 (< 400 days).

Attempt 95 | Successful simulations: 4/10 | Seed = 1706164

Starting transmission simulation Timepoint: 14:39:39 Max infected: 10000 Time
limit: 400

Transmission simulation complete. Time elapsed: 0 mins

Attempt 95 rejected: epidemic ended at day 3 (< 400 days).

Attempt 96 | Successful simulations: 4/10 | Seed = 9064479

Starting transmission simulation Timepoint: 14:39:39 Max infected: 10000 Time
limit: 400

Transmission simulation complete. Time elapsed: 0 mins

Attempt 96 rejected: epidemic ended at day 32 (< 400 days).

Attempt 97 | Successful simulations: 4/10 | Seed = 7171592

Starting transmission simulation Timepoint: 14:39:39 Max infected: 10000 Time
limit: 400

Transmission simulation complete. Time elapsed: 0 mins

Attempt 97 rejected: epidemic ended at day 7 (< 400 days).

Attempt 98 | Successful simulations: 4/10 | Seed = 8102551

Starting transmission simulation Timepoint: 14:39:39 Max infected: 10000 Time
limit: 400

Transmission simulation complete. Time elapsed: 0 mins

Attempt 98 rejected: epidemic ended at day 6 (< 400 days).

Attempt 99 | Successful simulations: 4/10 | Seed = 5242944

Starting transmission simulation Timepoint: 14:39:39 Max infected: 10000 Time
limit: 400

Transmission simulation complete. Time elapsed: 0.01 mins

Attempt 99 rejected: epidemic ended at day 73 (< 400 days).

Attempt 100 | Successful simulations: 4/10 | Seed = 543190

Starting transmission simulation Timepoint: 14:39:40 Max infected: 10000 Time
limit: 400

Transmission simulation complete. Time elapsed: 0 mins

Attempt 100 rejected: epidemic ended at day 4 (< 400 days).

Attempt 101 | Successful simulations: 4/10 | Seed = 3380436

Starting transmission simulation Timepoint: 14:39:40 Max infected: 10000 Time
limit: 400

Transmission simulation complete. Time elapsed: 0 mins

Attempt 101 rejected: epidemic ended at day 29 (< 400 days).

Attempt 102 | Successful simulations: 4/10 | Seed = 8550615

Starting transmission simulation Timepoint: 14:39:40 Max infected: 10000 Time
limit: 400

Transmission simulation complete. Time elapsed: 0 mins

Attempt 102 rejected: epidemic ended at day 10 (< 400 days).

Attempt 103 | Successful simulations: 4/10 | Seed = 1021655

Starting transmission simulation Timepoint: 14:39:40 Max infected: 10000 Time
limit: 400

Transmission simulation complete. Time elapsed: 0 mins

Attempt 103 rejected: epidemic ended at day 26 (< 400 days).

Attempt 104 | Successful simulations: 4/10 | Seed = 2970826

Starting transmission simulation Timepoint: 14:39:40 Max infected: 10000 Time
limit: 400

Transmission simulation complete. Time elapsed: 0 mins

Attempt 104 rejected: epidemic ended at day 19 (< 400 days).

Attempt 105 | Successful simulations: 4/10 | Seed = 3278931

Starting transmission simulation Timepoint: 14:39:40 Max infected: 10000 Time
limit: 400

Transmission simulation complete. Time elapsed: 0 mins

Attempt 105 rejected: epidemic ended at day 12 (< 400 days).

Attempt 106 | Successful simulations: 4/10 | Seed = 8550643

Starting transmission simulation Timepoint: 14:39:41 Max infected: 10000 Time
limit: 400

Transmission simulation complete. Time elapsed: 0 mins

Attempt 106 rejected: epidemic ended at day 9 (< 400 days).

Attempt 107 | Successful simulations: 4/10 | Seed = 1518736

Starting transmission simulation Timepoint: 14:39:41 Max infected: 10000 Time
limit: 400

Transmission simulation complete. Time elapsed: 0.01 mins

Attempt 107 rejected: epidemic ended at day 107 (< 400 days).

Attempt 108 | Successful simulations: 4/10 | Seed = 7800559

Starting transmission simulation Timepoint: 14:39:41 Max infected: 10000 Time
limit: 400

Transmission simulation complete. Time elapsed: 0 mins

Attempt 108 rejected: epidemic ended at day 4 (< 400 days).

Attempt 109 | Successful simulations: 4/10 | Seed = 1783818

Starting transmission simulation Timepoint: 14:39:41 Max infected: 10000 Time
limit: 400

Transmission simulation complete. Time elapsed: 0 mins

Attempt 109 rejected: epidemic ended at day 8 (< 400 days).

Attempt 110 | Successful simulations: 4/10 | Seed = 7535521

Starting transmission simulation Timepoint: 14:39:42 Max infected: 10000 Time
limit: 400

Transmission simulation complete. Time elapsed: 0 mins

Attempt 110 rejected: epidemic ended at day 5 (< 400 days).

Attempt 111 | Successful simulations: 4/10 | Seed = 3988922

Starting transmission simulation Timepoint: 14:39:42 Max infected: 10000 Time
limit: 400

Transmission simulation complete. Time elapsed: 0.01 mins

Attempt 111 rejected: epidemic ended at day 40 (< 400 days).

Attempt 112 | Successful simulations: 4/10 | Seed = 8522042

Starting transmission simulation Timepoint: 14:39:42 Max infected: 10000 Time
limit: 400

Transmission simulation complete. Time elapsed: 0 mins

Attempt 112 rejected: epidemic ended at day 5 (< 400 days).

Attempt 113 | Successful simulations: 4/10 | Seed = 2984185

Starting transmission simulation Timepoint: 14:39:42 Max infected: 10000 Time
limit: 400

Transmission simulation complete. Time elapsed: 0 mins

Attempt 113 rejected: epidemic ended at day 3 (< 400 days).

Attempt 114 | Successful simulations: 4/10 | Seed = 2449185

Starting transmission simulation Timepoint: 14:39:42 Max infected: 10000 Time
limit: 400

Transmission simulation complete. Time elapsed: 0 mins

Attempt 114 rejected: epidemic ended at day 6 (< 400 days).

Attempt 115 | Successful simulations: 4/10 | Seed = 9387578

Starting transmission simulation Timepoint: 14:39:42 Max infected: 10000 Time
limit: 400

Transmission simulation complete. Time elapsed: 0.01 mins

Attempt 115 rejected: epidemic ended at day 49 (< 400 days).

Attempt 116 | Successful simulations: 4/10 | Seed = 2742441

Starting transmission simulation Timepoint: 14:39:43 Max infected: 10000 Time
limit: 400

Transmission simulation complete. Time elapsed: 0 mins

Attempt 116 rejected: epidemic ended at day 31 (< 400 days).

Attempt 117 | Successful simulations: 4/10 | Seed = 2678626

Starting transmission simulation Timepoint: 14:39:43 Max infected: 10000 Time
limit: 400

Transmission simulation complete. Time elapsed: 0.1 mins

Successful simulation 5/10 obtained after 117 attempts.

Simulation 5 complete.

=========================================================================

Attempt 118 | Successful simulations: 5/10 | Seed = 9068671

Starting transmission simulation Timepoint: 14:39:59 Max infected: 10000 Time
limit: 400

Transmission simulation complete. Time elapsed: 0 mins

Attempt 118 rejected: epidemic ended at day 38 (< 400 days).

Attempt 119 | Successful simulations: 5/10 | Seed = 184690

Starting transmission simulation Timepoint: 14:39:59 Max infected: 10000 Time
limit: 400

Transmission simulation complete. Time elapsed: 0 mins

Attempt 119 rejected: epidemic ended at day 34 (< 400 days).

Attempt 120 | Successful simulations: 5/10 | Seed = 5148616

Starting transmission simulation Timepoint: 14:39:59 Max infected: 10000 Time
limit: 400

Transmission simulation complete. Time elapsed: 0 mins

Attempt 120 rejected: epidemic ended at day 9 (< 400 days).

Attempt 121 | Successful simulations: 5/10 | Seed = 804820

Starting transmission simulation Timepoint: 14:40:00 Max infected: 10000 Time
limit: 400

Transmission simulation complete. Time elapsed: 0 mins

Attempt 121 rejected: epidemic ended at day 21 (< 400 days).

Attempt 122 | Successful simulations: 5/10 | Seed = 3639489

Starting transmission simulation Timepoint: 14:40:00 Max infected: 10000 Time
limit: 400

Transmission simulation complete. Time elapsed: 0 mins

Attempt 122 rejected: epidemic ended at day 14 (< 400 days).

Attempt 123 | Successful simulations: 5/10 | Seed = 7605588

Starting transmission simulation Timepoint: 14:40:00 Max infected: 10000 Time
limit: 400

Transmission simulation complete. Time elapsed: 0 mins

Attempt 123 rejected: epidemic ended at day 19 (< 400 days).

Attempt 124 | Successful simulations: 5/10 | Seed = 6112974

Starting transmission simulation Timepoint: 14:40:00 Max infected: 10000 Time
limit: 400

Transmission simulation complete. Time elapsed: 0 mins

Attempt 124 rejected: epidemic ended at day 19 (< 400 days).

Attempt 125 | Successful simulations: 5/10 | Seed = 5202744

Starting transmission simulation Timepoint: 14:40:00 Max infected: 10000 Time
limit: 400

Transmission simulation complete. Time elapsed: 0 mins

Attempt 125 rejected: epidemic ended at day 10 (< 400 days).

Attempt 126 | Successful simulations: 5/10 | Seed = 2595800

Starting transmission simulation Timepoint: 14:40:00 Max infected: 10000 Time
limit: 400

Transmission simulation complete. Time elapsed: 0 mins

Attempt 126 rejected: epidemic ended at day 9 (< 400 days).

Attempt 127 | Successful simulations: 5/10 | Seed = 4363052

Starting transmission simulation Timepoint: 14:40:01 Max infected: 10000 Time
limit: 400

Transmission simulation complete. Time elapsed: 0 mins

Attempt 127 rejected: epidemic ended at day 2 (< 400 days).

Attempt 128 | Successful simulations: 5/10 | Seed = 4091773

Starting transmission simulation Timepoint: 14:40:01 Max infected: 10000 Time
limit: 400

Transmission simulation complete. Time elapsed: 0 mins

Attempt 128 rejected: epidemic ended at day 11 (< 400 days).

Attempt 129 | Successful simulations: 5/10 | Seed = 6757445

Starting transmission simulation Timepoint: 14:40:01 Max infected: 10000 Time
limit: 400

Transmission simulation complete. Time elapsed: 0 mins

Attempt 129 rejected: epidemic ended at day 4 (< 400 days).

Attempt 130 | Successful simulations: 5/10 | Seed = 6360828

Starting transmission simulation Timepoint: 14:40:01 Max infected: 10000 Time
limit: 400

Transmission simulation complete. Time elapsed: 0 mins

Attempt 130 rejected: epidemic ended at day 6 (< 400 days).

Attempt 131 | Successful simulations: 5/10 | Seed = 410115

Starting transmission simulation Timepoint: 14:40:01 Max infected: 10000 Time
limit: 400

Transmission simulation complete. Time elapsed: 0 mins

Attempt 131 rejected: epidemic ended at day 4 (< 400 days).

Attempt 132 | Successful simulations: 5/10 | Seed = 4827024

Starting transmission simulation Timepoint: 14:40:01 Max infected: 10000 Time
limit: 400

Transmission simulation complete. Time elapsed: 0.01 mins

Attempt 132 rejected: epidemic ended at day 83 (< 400 days).

Attempt 133 | Successful simulations: 5/10 | Seed = 8980631

Starting transmission simulation Timepoint: 14:40:02 Max infected: 10000 Time
limit: 400

Transmission simulation complete. Time elapsed: 0 mins

Attempt 133 rejected: epidemic ended at day 29 (< 400 days).

Attempt 134 | Successful simulations: 5/10 | Seed = 923090

Starting transmission simulation Timepoint: 14:40:02 Max infected: 10000 Time
limit: 400

Transmission simulation complete. Time elapsed: 0 mins

Attempt 134 rejected: epidemic ended at day 15 (< 400 days).

Attempt 135 | Successful simulations: 5/10 | Seed = 4910636

Starting transmission simulation Timepoint: 14:40:02 Max infected: 10000 Time
limit: 400

Transmission simulation complete. Time elapsed: 0 mins

Attempt 135 rejected: epidemic ended at day 5 (< 400 days).

Attempt 136 | Successful simulations: 5/10 | Seed = 9696318

Starting transmission simulation Timepoint: 14:40:02 Max infected: 10000 Time
limit: 400

Transmission simulation complete. Time elapsed: 0 mins

Attempt 136 rejected: epidemic ended at day 21 (< 400 days).

Attempt 137 | Successful simulations: 5/10 | Seed = 9482105

Starting transmission simulation Timepoint: 14:40:02 Max infected: 10000 Time
limit: 400

Transmission simulation complete. Time elapsed: 0 mins

Attempt 137 rejected: epidemic ended at day 8 (< 400 days).

Attempt 138 | Successful simulations: 5/10 | Seed = 8926333

Starting transmission simulation Timepoint: 14:40:02 Max infected: 10000 Time
limit: 400

Transmission simulation complete. Time elapsed: 0 mins

Attempt 138 rejected: epidemic ended at day 4 (< 400 days).

Attempt 139 | Successful simulations: 5/10 | Seed = 2675754

Starting transmission simulation Timepoint: 14:40:02 Max infected: 10000 Time
limit: 400

Transmission simulation complete. Time elapsed: 0 mins

Attempt 139 rejected: epidemic ended at day 4 (< 400 days).

Attempt 140 | Successful simulations: 5/10 | Seed = 4588958

Starting transmission simulation Timepoint: 14:40:02 Max infected: 10000 Time
limit: 400

Transmission simulation complete. Time elapsed: 0 mins

Attempt 140 rejected: epidemic ended at day 10 (< 400 days).

Attempt 141 | Successful simulations: 5/10 | Seed = 8785974

Starting transmission simulation Timepoint: 14:40:02 Max infected: 10000 Time
limit: 400

Transmission simulation complete. Time elapsed: 0.03 mins

Attempt 141 rejected: epidemic ended at day 265 (< 400 days).

Attempt 142 | Successful simulations: 5/10 | Seed = 374917

Starting transmission simulation Timepoint: 14:40:04 Max infected: 10000 Time
limit: 400

Transmission simulation complete. Time elapsed: 0 mins

Attempt 142 rejected: epidemic ended at day 26 (< 400 days).

Attempt 143 | Successful simulations: 5/10 | Seed = 4574420

Starting transmission simulation Timepoint: 14:40:05 Max infected: 10000 Time
limit: 400

Transmission simulation complete. Time elapsed: 0 mins

Attempt 143 rejected: epidemic ended at day 4 (< 400 days).

Attempt 144 | Successful simulations: 5/10 | Seed = 2425273

Starting transmission simulation Timepoint: 14:40:05 Max infected: 10000 Time
limit: 400

Transmission simulation complete. Time elapsed: 0 mins

Attempt 144 rejected: epidemic ended at day 17 (< 400 days).

Attempt 145 | Successful simulations: 5/10 | Seed = 5660570

Starting transmission simulation Timepoint: 14:40:05 Max infected: 10000 Time
limit: 400

Transmission simulation complete. Time elapsed: 0 mins

Attempt 145 rejected: epidemic ended at day 9 (< 400 days).

Attempt 146 | Successful simulations: 5/10 | Seed = 3401536

Starting transmission simulation Timepoint: 14:40:05 Max infected: 10000 Time
limit: 400

Transmission simulation complete. Time elapsed: 0 mins

Attempt 146 rejected: epidemic ended at day 3 (< 400 days).

Attempt 147 | Successful simulations: 5/10 | Seed = 8868600

Starting transmission simulation Timepoint: 14:40:05 Max infected: 10000 Time
limit: 400

Transmission simulation complete. Time elapsed: 0 mins

Attempt 147 rejected: epidemic ended at day 15 (< 400 days).

Attempt 148 | Successful simulations: 5/10 | Seed = 4369866

Starting transmission simulation Timepoint: 14:40:05 Max infected: 10000 Time
limit: 400

Transmission simulation complete. Time elapsed: 0 mins

Attempt 148 rejected: epidemic ended at day 17 (< 400 days).

Attempt 149 | Successful simulations: 5/10 | Seed = 8340038

Starting transmission simulation Timepoint: 14:40:05 Max infected: 10000 Time
limit: 400

Transmission simulation complete. Time elapsed: 0.01 mins

Attempt 149 rejected: epidemic ended at day 52 (< 400 days).

Attempt 150 | Successful simulations: 5/10 | Seed = 1710369

Starting transmission simulation Timepoint: 14:40:06 Max infected: 10000 Time
limit: 400

Transmission simulation complete. Time elapsed: 0 mins

Attempt 150 rejected: epidemic ended at day 9 (< 400 days).

Attempt 151 | Successful simulations: 5/10 | Seed = 4415899

Starting transmission simulation Timepoint: 14:40:06 Max infected: 10000 Time
limit: 400

Transmission simulation complete. Time elapsed: 0 mins

Attempt 151 rejected: epidemic ended at day 11 (< 400 days).

Attempt 152 | Successful simulations: 5/10 | Seed = 9608774

Starting transmission simulation Timepoint: 14:40:06 Max infected: 10000 Time
limit: 400

Transmission simulation complete. Time elapsed: 0 mins

Attempt 152 rejected: epidemic ended at day 9 (< 400 days).

Attempt 153 | Successful simulations: 5/10 | Seed = 2539075

Starting transmission simulation Timepoint: 14:40:06 Max infected: 10000 Time
limit: 400

Transmission simulation complete. Time elapsed: 0 mins

Attempt 153 rejected: epidemic ended at day 16 (< 400 days).

Attempt 154 | Successful simulations: 5/10 | Seed = 8698574

Starting transmission simulation Timepoint: 14:40:06 Max infected: 10000 Time
limit: 400

Transmission simulation complete. Time elapsed: 0 mins

Attempt 154 rejected: epidemic ended at day 9 (< 400 days).

Attempt 155 | Successful simulations: 5/10 | Seed = 7346567

Starting transmission simulation Timepoint: 14:40:06 Max infected: 10000 Time
limit: 400

Transmission simulation complete. Time elapsed: 0 mins

Attempt 155 rejected: epidemic ended at day 6 (< 400 days).

Attempt 156 | Successful simulations: 5/10 | Seed = 1987300

Starting transmission simulation Timepoint: 14:40:06 Max infected: 10000 Time
limit: 400

Transmission simulation complete. Time elapsed: 0 mins

Attempt 156 rejected: epidemic ended at day 8 (< 400 days).

Attempt 157 | Successful simulations: 5/10 | Seed = 3434220

Starting transmission simulation Timepoint: 14:40:07 Max infected: 10000 Time
limit: 400

Transmission simulation complete. Time elapsed: 0 mins

Attempt 157 rejected: epidemic ended at day 15 (< 400 days).

Attempt 158 | Successful simulations: 5/10 | Seed = 7323945

Starting transmission simulation Timepoint: 14:40:07 Max infected: 10000 Time
limit: 400

Transmission simulation complete. Time elapsed: 0 mins

Attempt 158 rejected: epidemic ended at day 6 (< 400 days).

Attempt 159 | Successful simulations: 5/10 | Seed = 3712805

Starting transmission simulation Timepoint: 14:40:07 Max infected: 10000 Time
limit: 400

Transmission simulation complete. Time elapsed: 0 mins

Attempt 159 rejected: epidemic ended at day 2 (< 400 days).

Attempt 160 | Successful simulations: 5/10 | Seed = 324036

Starting transmission simulation Timepoint: 14:40:07 Max infected: 10000 Time
limit: 400

Transmission simulation complete. Time elapsed: 0 mins

Attempt 160 rejected: epidemic ended at day 2 (< 400 days).

Attempt 161 | Successful simulations: 5/10 | Seed = 2407599

Starting transmission simulation Timepoint: 14:40:07 Max infected: 10000 Time
limit: 400

Transmission simulation complete. Time elapsed: 0 mins

Attempt 161 rejected: epidemic ended at day 2 (< 400 days).

Attempt 162 | Successful simulations: 5/10 | Seed = 6375789

Starting transmission simulation Timepoint: 14:40:07 Max infected: 10000 Time
limit: 400

Transmission simulation complete. Time elapsed: 0 mins

Attempt 162 rejected: epidemic ended at day 22 (< 400 days).

Attempt 163 | Successful simulations: 5/10 | Seed = 3128657

Starting transmission simulation Timepoint: 14:40:07 Max infected: 10000 Time
limit: 400

Transmission simulation complete. Time elapsed: 0 mins

Attempt 163 rejected: epidemic ended at day 13 (< 400 days).

Attempt 164 | Successful simulations: 5/10 | Seed = 2421566

Starting transmission simulation Timepoint: 14:40:07 Max infected: 10000 Time
limit: 400

Transmission simulation complete. Time elapsed: 0.01 mins

Attempt 164 rejected: epidemic ended at day 49 (< 400 days).

Attempt 165 | Successful simulations: 5/10 | Seed = 1060970

Starting transmission simulation Timepoint: 14:40:08 Max infected: 10000 Time
limit: 400

Transmission simulation complete. Time elapsed: 0 mins

Attempt 165 rejected: epidemic ended at day 5 (< 400 days).

Attempt 166 | Successful simulations: 5/10 | Seed = 7755835

Starting transmission simulation Timepoint: 14:40:08 Max infected: 10000 Time
limit: 400

Transmission simulation complete. Time elapsed: 0 mins

Attempt 166 rejected: epidemic ended at day 6 (< 400 days).

Attempt 167 | Successful simulations: 5/10 | Seed = 3510513

Starting transmission simulation Timepoint: 14:40:08 Max infected: 10000 Time
limit: 400

Transmission simulation complete. Time elapsed: 0 mins

Attempt 167 rejected: epidemic ended at day 4 (< 400 days).

Attempt 168 | Successful simulations: 5/10 | Seed = 4504035

Starting transmission simulation Timepoint: 14:40:08 Max infected: 10000 Time
limit: 400

Transmission simulation complete. Time elapsed: 0.01 mins

Attempt 168 rejected: epidemic ended at day 67 (< 400 days).

Attempt 169 | Successful simulations: 5/10 | Seed = 3350997

Starting transmission simulation Timepoint: 14:40:08 Max infected: 10000 Time
limit: 400

Transmission simulation complete. Time elapsed: 0 mins

Attempt 169 rejected: epidemic ended at day 31 (< 400 days).

Attempt 170 | Successful simulations: 5/10 | Seed = 4217648

Starting transmission simulation Timepoint: 14:40:09 Max infected: 10000 Time
limit: 400

Transmission simulation complete. Time elapsed: 0 mins

Attempt 170 rejected: epidemic ended at day 6 (< 400 days).

Attempt 171 | Successful simulations: 5/10 | Seed = 1730030

Starting transmission simulation Timepoint: 14:40:09 Max infected: 10000 Time
limit: 400

Transmission simulation complete. Time elapsed: 0 mins

Attempt 171 rejected: epidemic ended at day 22 (< 400 days).

Attempt 172 | Successful simulations: 5/10 | Seed = 6900549

Starting transmission simulation Timepoint: 14:40:09 Max infected: 10000 Time
limit: 400

Transmission simulation complete. Time elapsed: 0.02 mins

Attempt 172 rejected: epidemic ended at day 126 (< 400 days).

Attempt 173 | Successful simulations: 5/10 | Seed = 1559898

Starting transmission simulation Timepoint: 14:40:10 Max infected: 10000 Time
limit: 400

Transmission simulation complete. Time elapsed: 0 mins

Attempt 173 rejected: epidemic ended at day 5 (< 400 days).

Attempt 174 | Successful simulations: 5/10 | Seed = 3578805

Starting transmission simulation Timepoint: 14:40:10 Max infected: 10000 Time
limit: 400

Transmission simulation complete. Time elapsed: 0.02 mins

Attempt 174 rejected: epidemic ended at day 177 (< 400 days).

Attempt 175 | Successful simulations: 5/10 | Seed = 3509489

Starting transmission simulation Timepoint: 14:40:11 Max infected: 10000 Time
limit: 400

Transmission simulation complete. Time elapsed: 0 mins

Attempt 175 rejected: epidemic ended at day 5 (< 400 days).

Attempt 176 | Successful simulations: 5/10 | Seed = 6856249

Starting transmission simulation Timepoint: 14:40:11 Max infected: 10000 Time
limit: 400

Transmission simulation complete. Time elapsed: 0 mins

Attempt 176 rejected: epidemic ended at day 14 (< 400 days).

Attempt 177 | Successful simulations: 5/10 | Seed = 4637323

Starting transmission simulation Timepoint: 14:40:11 Max infected: 10000 Time
limit: 400

Transmission simulation complete. Time elapsed: 0 mins

Attempt 177 rejected: epidemic ended at day 9 (< 400 days).

Attempt 178 | Successful simulations: 5/10 | Seed = 3357338

Starting transmission simulation Timepoint: 14:40:11 Max infected: 10000 Time
limit: 400

Transmission simulation complete. Time elapsed: 0 mins

Attempt 178 rejected: epidemic ended at day 14 (< 400 days).

Attempt 179 | Successful simulations: 5/10 | Seed = 1021977

Starting transmission simulation Timepoint: 14:40:12 Max infected: 10000 Time
limit: 400

Transmission simulation complete. Time elapsed: 0 mins

Attempt 179 rejected: epidemic ended at day 3 (< 400 days).

Attempt 180 | Successful simulations: 5/10 | Seed = 5178497

Starting transmission simulation Timepoint: 14:40:12 Max infected: 10000 Time
limit: 400

Transmission simulation complete. Time elapsed: 0 mins

Attempt 180 rejected: epidemic ended at day 2 (< 400 days).

Attempt 181 | Successful simulations: 5/10 | Seed = 407521

Starting transmission simulation Timepoint: 14:40:12 Max infected: 10000 Time
limit: 400

Transmission simulation complete. Time elapsed: 0 mins

Attempt 181 rejected: epidemic ended at day 3 (< 400 days).

Attempt 182 | Successful simulations: 5/10 | Seed = 1203395

Starting transmission simulation Timepoint: 14:40:12 Max infected: 10000 Time
limit: 400

Transmission simulation complete. Time elapsed: 0.03 mins

Attempt 182 rejected: epidemic ended at day 197 (< 400 days).

Attempt 183 | Successful simulations: 5/10 | Seed = 3274582

Starting transmission simulation Timepoint: 14:40:13 Max infected: 10000 Time
limit: 400

Transmission simulation complete. Time elapsed: 0 mins

Attempt 183 rejected: epidemic ended at day 19 (< 400 days).

Attempt 184 | Successful simulations: 5/10 | Seed = 3938132

Starting transmission simulation Timepoint: 14:40:14 Max infected: 10000 Time
limit: 400

Transmission simulation complete. Time elapsed: 0 mins

Attempt 184 rejected: epidemic ended at day 10 (< 400 days).

Attempt 185 | Successful simulations: 5/10 | Seed = 2279026

Starting transmission simulation Timepoint: 14:40:14 Max infected: 10000 Time
limit: 400

Transmission simulation complete. Time elapsed: 0 mins

Attempt 185 rejected: epidemic ended at day 6 (< 400 days).

Attempt 186 | Successful simulations: 5/10 | Seed = 6498616

Starting transmission simulation Timepoint: 14:40:14 Max infected: 10000 Time
limit: 400

Transmission simulation complete. Time elapsed: 0.01 mins

Attempt 186 rejected: epidemic ended at day 39 (< 400 days).

Attempt 187 | Successful simulations: 5/10 | Seed = 8348678

Starting transmission simulation Timepoint: 14:40:14 Max infected: 10000 Time
limit: 400

Transmission simulation complete. Time elapsed: 0 mins

Attempt 187 rejected: epidemic ended at day 2 (< 400 days).

Attempt 188 | Successful simulations: 5/10 | Seed = 2216038

Starting transmission simulation Timepoint: 14:40:14 Max infected: 10000 Time
limit: 400

Transmission simulation complete. Time elapsed: 0 mins

Attempt 188 rejected: epidemic ended at day 2 (< 400 days).

Attempt 189 | Successful simulations: 5/10 | Seed = 8631393

Starting transmission simulation Timepoint: 14:40:14 Max infected: 10000 Time
limit: 400

Transmission simulation complete. Time elapsed: 0 mins

Attempt 189 rejected: epidemic ended at day 9 (< 400 days).

Attempt 190 | Successful simulations: 5/10 | Seed = 2039590

Starting transmission simulation Timepoint: 14:40:14 Max infected: 10000 Time
limit: 400

Transmission simulation complete. Time elapsed: 0 mins

Attempt 190 rejected: epidemic ended at day 8 (< 400 days).

Attempt 191 | Successful simulations: 5/10 | Seed = 9873242

Starting transmission simulation Timepoint: 14:40:14 Max infected: 10000 Time
limit: 400

Transmission simulation complete. Time elapsed: 0 mins

Attempt 191 rejected: epidemic ended at day 3 (< 400 days).

Attempt 192 | Successful simulations: 5/10 | Seed = 4301854

Starting transmission simulation Timepoint: 14:40:14 Max infected: 10000 Time
limit: 400

Transmission simulation complete. Time elapsed: 0 mins

Attempt 192 rejected: epidemic ended at day 8 (< 400 days).

Attempt 193 | Successful simulations: 5/10 | Seed = 832201

Starting transmission simulation Timepoint: 14:40:14 Max infected: 10000 Time
limit: 400

Transmission simulation complete. Time elapsed: 0 mins

Attempt 193 rejected: epidemic ended at day 11 (< 400 days).

Attempt 194 | Successful simulations: 5/10 | Seed = 4100987

Starting transmission simulation Timepoint: 14:40:15 Max infected: 10000 Time
limit: 400

Transmission simulation complete. Time elapsed: 0 mins

Attempt 194 rejected: epidemic ended at day 2 (< 400 days).

Attempt 195 | Successful simulations: 5/10 | Seed = 8698381

Starting transmission simulation Timepoint: 14:40:15 Max infected: 10000 Time
limit: 400

Transmission simulation complete. Time elapsed: 0 mins

Attempt 195 rejected: epidemic ended at day 3 (< 400 days).

Attempt 196 | Successful simulations: 5/10 | Seed = 1862747

Starting transmission simulation Timepoint: 14:40:15 Max infected: 10000 Time
limit: 400

Transmission simulation complete. Time elapsed: 0 mins

Attempt 196 rejected: epidemic ended at day 27 (< 400 days).

Attempt 197 | Successful simulations: 5/10 | Seed = 4744463

Starting transmission simulation Timepoint: 14:40:15 Max infected: 10000 Time
limit: 400

Transmission simulation complete. Time elapsed: 0 mins

Attempt 197 rejected: epidemic ended at day 26 (< 400 days).

Attempt 198 | Successful simulations: 5/10 | Seed = 4781069

Starting transmission simulation Timepoint: 14:40:15 Max infected: 10000 Time
limit: 400

Transmission simulation complete. Time elapsed: 0 mins

Attempt 198 rejected: epidemic ended at day 18 (< 400 days).

Attempt 199 | Successful simulations: 5/10 | Seed = 1709758

Starting transmission simulation Timepoint: 14:40:15 Max infected: 10000 Time
limit: 400

Transmission simulation complete. Time elapsed: 0.02 mins

Attempt 199 rejected: epidemic ended at day 154 (< 400 days).

Attempt 200 | Successful simulations: 5/10 | Seed = 2243903

Starting transmission simulation Timepoint: 14:40:17 Max infected: 10000 Time
limit: 400

Transmission simulation complete. Time elapsed: 0 mins

Attempt 200 rejected: epidemic ended at day 9 (< 400 days).

Attempt 201 | Successful simulations: 5/10 | Seed = 5655981

Starting transmission simulation Timepoint: 14:40:17 Max infected: 10000 Time
limit: 400

Transmission simulation complete. Time elapsed: 0 mins

Attempt 201 rejected: epidemic ended at day 13 (< 400 days).

Attempt 202 | Successful simulations: 5/10 | Seed = 9157213

Starting transmission simulation Timepoint: 14:40:17 Max infected: 10000 Time
limit: 400

Transmission simulation complete. Time elapsed: 0 mins

Attempt 202 rejected: epidemic ended at day 11 (< 400 days).

Attempt 203 | Successful simulations: 5/10 | Seed = 3891219

Starting transmission simulation Timepoint: 14:40:17 Max infected: 10000 Time
limit: 400

Transmission simulation complete. Time elapsed: 0 mins

Attempt 203 rejected: epidemic ended at day 22 (< 400 days).

Attempt 204 | Successful simulations: 5/10 | Seed = 5000163

Starting transmission simulation Timepoint: 14:40:17 Max infected: 10000 Time
limit: 400

Transmission simulation complete. Time elapsed: 0 mins

Attempt 204 rejected: epidemic ended at day 12 (< 400 days).

Attempt 205 | Successful simulations: 5/10 | Seed = 9202233

Starting transmission simulation Timepoint: 14:40:17 Max infected: 10000 Time
limit: 400

Transmission simulation complete. Time elapsed: 0 mins

Attempt 205 rejected: epidemic ended at day 4 (< 400 days).

Attempt 206 | Successful simulations: 5/10 | Seed = 5886572

Starting transmission simulation Timepoint: 14:40:17 Max infected: 10000 Time
limit: 400

Transmission simulation complete. Time elapsed: 0 mins

Attempt 206 rejected: epidemic ended at day 21 (< 400 days).

Attempt 207 | Successful simulations: 5/10 | Seed = 1179195

Starting transmission simulation Timepoint: 14:40:17 Max infected: 10000 Time
limit: 400

Transmission simulation complete. Time elapsed: 0 mins

Attempt 207 rejected: epidemic ended at day 4 (< 400 days).

Attempt 208 | Successful simulations: 5/10 | Seed = 2285757

Starting transmission simulation Timepoint: 14:40:17 Max infected: 10000 Time
limit: 400

Transmission simulation complete. Time elapsed: 0 mins

Attempt 208 rejected: epidemic ended at day 25 (< 400 days).

Attempt 209 | Successful simulations: 5/10 | Seed = 632908

Starting transmission simulation Timepoint: 14:40:18 Max infected: 10000 Time
limit: 400

Transmission simulation complete. Time elapsed: 0.01 mins

Attempt 209 rejected: epidemic ended at day 35 (< 400 days).

Attempt 210 | Successful simulations: 5/10 | Seed = 4905475

Starting transmission simulation Timepoint: 14:40:18 Max infected: 10000 Time
limit: 400

Transmission simulation complete. Time elapsed: 0.02 mins

Attempt 210 rejected: epidemic ended at day 154 (< 400 days).

Attempt 211 | Successful simulations: 5/10 | Seed = 6695396

Starting transmission simulation Timepoint: 14:40:19 Max infected: 10000 Time
limit: 400

Transmission simulation complete. Time elapsed: 0 mins

Attempt 211 rejected: epidemic ended at day 2 (< 400 days).

Attempt 212 | Successful simulations: 5/10 | Seed = 8407771

Starting transmission simulation Timepoint: 14:40:19 Max infected: 10000 Time
limit: 400

Transmission simulation complete. Time elapsed: 0.08 mins

Attempt 212 rejected: epidemic ended at day 398 (< 400 days).

Attempt 213 | Successful simulations: 5/10 | Seed = 9006814

Starting transmission simulation Timepoint: 14:40:24 Max infected: 10000 Time
limit: 400

Transmission simulation complete. Time elapsed: 0 mins

Attempt 213 rejected: epidemic ended at day 32 (< 400 days).

Attempt 214 | Successful simulations: 5/10 | Seed = 5982697

Starting transmission simulation Timepoint: 14:40:24 Max infected: 10000 Time
limit: 400

Transmission simulation complete. Time elapsed: 0 mins

Attempt 214 rejected: epidemic ended at day 10 (< 400 days).

Attempt 215 | Successful simulations: 5/10 | Seed = 4038185

Starting transmission simulation Timepoint: 14:40:25 Max infected: 10000 Time
limit: 400

Transmission simulation complete. Time elapsed: 0 mins

Attempt 215 rejected: epidemic ended at day 3 (< 400 days).

Attempt 216 | Successful simulations: 5/10 | Seed = 5969046

Starting transmission simulation Timepoint: 14:40:25 Max infected: 10000 Time
limit: 400

Transmission simulation complete. Time elapsed: 0 mins

Attempt 216 rejected: epidemic ended at day 7 (< 400 days).

Attempt 217 | Successful simulations: 5/10 | Seed = 7646317

Starting transmission simulation Timepoint: 14:40:25 Max infected: 10000 Time
limit: 400

Transmission simulation complete. Time elapsed: 0.02 mins

Attempt 217 rejected: epidemic ended at day 146 (< 400 days).

Attempt 218 | Successful simulations: 5/10 | Seed = 875695

Starting transmission simulation Timepoint: 14:40:26 Max infected: 10000 Time
limit: 400

Transmission simulation complete. Time elapsed: 0 mins

Attempt 218 rejected: epidemic ended at day 4 (< 400 days).

Attempt 219 | Successful simulations: 5/10 | Seed = 9545594

Starting transmission simulation Timepoint: 14:40:26 Max infected: 10000 Time
limit: 400

Transmission simulation complete. Time elapsed: 0 mins

Attempt 219 rejected: epidemic ended at day 10 (< 400 days).

Attempt 220 | Successful simulations: 5/10 | Seed = 1380714

Starting transmission simulation Timepoint: 14:40:26 Max infected: 10000 Time
limit: 400

Transmission simulation complete. Time elapsed: 0 mins

Attempt 220 rejected: epidemic ended at day 21 (< 400 days).

Attempt 221 | Successful simulations: 5/10 | Seed = 3899089

Starting transmission simulation Timepoint: 14:40:26 Max infected: 10000 Time
limit: 400

Transmission simulation complete. Time elapsed: 0 mins

Attempt 221 rejected: epidemic ended at day 20 (< 400 days).

Attempt 222 | Successful simulations: 5/10 | Seed = 264200

Starting transmission simulation Timepoint: 14:40:27 Max infected: 10000 Time
limit: 400

Transmission simulation complete. Time elapsed: 0.01 mins

Attempt 222 rejected: epidemic ended at day 46 (< 400 days).

Attempt 223 | Successful simulations: 5/10 | Seed = 1012852

Starting transmission simulation Timepoint: 14:40:27 Max infected: 10000 Time
limit: 400

Transmission simulation complete. Time elapsed: 0 mins

Attempt 223 rejected: epidemic ended at day 2 (< 400 days).

Attempt 224 | Successful simulations: 5/10 | Seed = 5268100

Starting transmission simulation Timepoint: 14:40:27 Max infected: 10000 Time
limit: 400

Transmission simulation complete. Time elapsed: 0 mins

Attempt 224 rejected: epidemic ended at day 8 (< 400 days).

Attempt 225 | Successful simulations: 5/10 | Seed = 2968662

Starting transmission simulation Timepoint: 14:40:27 Max infected: 10000 Time
limit: 400

Transmission simulation complete. Time elapsed: 0 mins

Attempt 225 rejected: epidemic ended at day 16 (< 400 days).

Attempt 226 | Successful simulations: 5/10 | Seed = 3166378

Starting transmission simulation Timepoint: 14:40:27 Max infected: 10000 Time
limit: 400

Transmission simulation complete. Time elapsed: 0 mins

Attempt 226 rejected: epidemic ended at day 10 (< 400 days).

Attempt 227 | Successful simulations: 5/10 | Seed = 3525705

Starting transmission simulation Timepoint: 14:40:27 Max infected: 10000 Time
limit: 400

Transmission simulation complete. Time elapsed: 0.03 mins

Attempt 227 rejected: epidemic ended at day 265 (< 400 days).

Attempt 228 | Successful simulations: 5/10 | Seed = 7669092

Starting transmission simulation Timepoint: 14:40:29 Max infected: 10000 Time
limit: 400

Transmission simulation complete. Time elapsed: 0 mins

Attempt 228 rejected: epidemic ended at day 4 (< 400 days).

Attempt 229 | Successful simulations: 5/10 | Seed = 7040389

Starting transmission simulation Timepoint: 14:40:29 Max infected: 10000 Time
limit: 400

Transmission simulation complete. Time elapsed: 0.01 mins

Attempt 229 rejected: epidemic ended at day 95 (< 400 days).

Attempt 230 | Successful simulations: 5/10 | Seed = 1139268

Starting transmission simulation Timepoint: 14:40:30 Max infected: 10000 Time
limit: 400

Transmission simulation complete. Time elapsed: 0 mins

Attempt 230 rejected: epidemic ended at day 14 (< 400 days).

Attempt 231 | Successful simulations: 5/10 | Seed = 7317311

Starting transmission simulation Timepoint: 14:40:30 Max infected: 10000 Time
limit: 400

Transmission simulation complete. Time elapsed: 0 mins

Attempt 231 rejected: epidemic ended at day 3 (< 400 days).

Attempt 232 | Successful simulations: 5/10 | Seed = 8110475

Starting transmission simulation Timepoint: 14:40:30 Max infected: 10000 Time
limit: 400

Transmission simulation complete. Time elapsed: 0 mins

Attempt 232 rejected: epidemic ended at day 7 (< 400 days).

Attempt 233 | Successful simulations: 5/10 | Seed = 5761281

Starting transmission simulation Timepoint: 14:40:30 Max infected: 10000 Time
limit: 400

Transmission simulation complete. Time elapsed: 0 mins

Attempt 233 rejected: epidemic ended at day 20 (< 400 days).

Attempt 234 | Successful simulations: 5/10 | Seed = 2454482

Starting transmission simulation Timepoint: 14:40:31 Max infected: 10000 Time
limit: 400

Transmission simulation complete. Time elapsed: 0 mins

Attempt 234 rejected: epidemic ended at day 5 (< 400 days).

Attempt 235 | Successful simulations: 5/10 | Seed = 896368

Starting transmission simulation Timepoint: 14:40:31 Max infected: 10000 Time
limit: 400

Transmission simulation complete. Time elapsed: 0 mins

Attempt 235 rejected: epidemic ended at day 2 (< 400 days).

Attempt 236 | Successful simulations: 5/10 | Seed = 9262554

Starting transmission simulation Timepoint: 14:40:31 Max infected: 10000 Time
limit: 400

Transmission simulation complete. Time elapsed: 0 mins

Attempt 236 rejected: epidemic ended at day 6 (< 400 days).

Attempt 237 | Successful simulations: 5/10 | Seed = 9223277

Starting transmission simulation Timepoint: 14:40:31 Max infected: 10000 Time
limit: 400

Transmission simulation complete. Time elapsed: 0.01 mins

Attempt 237 rejected: epidemic ended at day 82 (< 400 days).

Attempt 238 | Successful simulations: 5/10 | Seed = 958540

Starting transmission simulation Timepoint: 14:40:31 Max infected: 10000 Time
limit: 400

Transmission simulation complete. Time elapsed: 0 mins

Attempt 238 rejected: epidemic ended at day 4 (< 400 days).

Attempt 239 | Successful simulations: 5/10 | Seed = 1404599

Starting transmission simulation Timepoint: 14:40:31 Max infected: 10000 Time
limit: 400

Transmission simulation complete. Time elapsed: 0.01 mins

Attempt 239 rejected: epidemic ended at day 38 (< 400 days).

Attempt 240 | Successful simulations: 5/10 | Seed = 7499970

Starting transmission simulation Timepoint: 14:40:32 Max infected: 10000 Time
limit: 400

Transmission simulation complete. Time elapsed: 0.01 mins

Attempt 240 rejected: epidemic ended at day 59 (< 400 days).

Attempt 241 | Successful simulations: 5/10 | Seed = 8513366

Starting transmission simulation Timepoint: 14:40:32 Max infected: 10000 Time
limit: 400

Transmission simulation complete. Time elapsed: 0 mins

Attempt 241 rejected: epidemic ended at day 20 (< 400 days).

Attempt 242 | Successful simulations: 5/10 | Seed = 5833895

Starting transmission simulation Timepoint: 14:40:33 Max infected: 10000 Time
limit: 400

Transmission simulation complete. Time elapsed: 0 mins

Attempt 242 rejected: epidemic ended at day 16 (< 400 days).

Attempt 243 | Successful simulations: 5/10 | Seed = 4548360

Starting transmission simulation Timepoint: 14:40:33 Max infected: 10000 Time
limit: 400

Transmission simulation complete. Time elapsed: 0.01 mins

Attempt 243 rejected: epidemic ended at day 44 (< 400 days).

Attempt 244 | Successful simulations: 5/10 | Seed = 6227836

Starting transmission simulation Timepoint: 14:40:33 Max infected: 10000 Time
limit: 400

Transmission simulation complete. Time elapsed: 0.09 mins

Successful simulation 6/10 obtained after 244 attempts.

Simulation 6 complete.

=========================================================================

Attempt 245 | Successful simulations: 6/10 | Seed = 8310765

Starting transmission simulation Timepoint: 14:40:44 Max infected: 10000 Time
limit: 400

Transmission simulation complete. Time elapsed: 0 mins

Attempt 245 rejected: epidemic ended at day 9 (< 400 days).

Attempt 246 | Successful simulations: 6/10 | Seed = 9427551

Starting transmission simulation Timepoint: 14:40:44 Max infected: 10000 Time
limit: 400

Transmission simulation complete. Time elapsed: 0 mins

Attempt 246 rejected: epidemic ended at day 3 (< 400 days).

Attempt 247 | Successful simulations: 6/10 | Seed = 5447407

Starting transmission simulation Timepoint: 14:40:44 Max infected: 10000 Time
limit: 400

Transmission simulation complete. Time elapsed: 0 mins

Attempt 247 rejected: epidemic ended at day 26 (< 400 days).

Attempt 248 | Successful simulations: 6/10 | Seed = 834137

Starting transmission simulation Timepoint: 14:40:44 Max infected: 10000 Time
limit: 400

Transmission simulation complete. Time elapsed: 0 mins

Attempt 248 rejected: epidemic ended at day 15 (< 400 days).

Attempt 249 | Successful simulations: 6/10 | Seed = 3257730

Starting transmission simulation Timepoint: 14:40:44 Max infected: 10000 Time
limit: 400

Transmission simulation complete. Time elapsed: 0.01 mins

Attempt 249 rejected: epidemic ended at day 41 (< 400 days).

Attempt 250 | Successful simulations: 6/10 | Seed = 8420265

Starting transmission simulation Timepoint: 14:40:45 Max infected: 10000 Time
limit: 400

Transmission simulation complete. Time elapsed: 0 mins

Attempt 250 rejected: epidemic ended at day 2 (< 400 days).

Attempt 251 | Successful simulations: 6/10 | Seed = 2024014

Starting transmission simulation Timepoint: 14:40:45 Max infected: 10000 Time
limit: 400

Transmission simulation complete. Time elapsed: 0 mins

Attempt 251 rejected: epidemic ended at day 10 (< 400 days).

Attempt 252 | Successful simulations: 6/10 | Seed = 2132805

Starting transmission simulation Timepoint: 14:40:45 Max infected: 10000 Time
limit: 400

Transmission simulation complete. Time elapsed: 0.09 mins

Successful simulation 7/10 obtained after 252 attempts.

Simulation 7 complete.

=========================================================================

Attempt 253 | Successful simulations: 7/10 | Seed = 8503467

Starting transmission simulation Timepoint: 14:40:56 Max infected: 10000 Time
limit: 400

Transmission simulation complete. Time elapsed: 0.01 mins

Attempt 253 rejected: epidemic ended at day 87 (< 400 days).

Attempt 254 | Successful simulations: 7/10 | Seed = 5273485

Starting transmission simulation Timepoint: 14:40:57 Max infected: 10000 Time
limit: 400

Transmission simulation complete. Time elapsed: 0 mins

Attempt 254 rejected: epidemic ended at day 7 (< 400 days).

Attempt 255 | Successful simulations: 7/10 | Seed = 7181278

Starting transmission simulation Timepoint: 14:40:57 Max infected: 10000 Time
limit: 400

Transmission simulation complete. Time elapsed: 0 mins

Attempt 255 rejected: epidemic ended at day 8 (< 400 days).

Attempt 256 | Successful simulations: 7/10 | Seed = 2732337

Starting transmission simulation Timepoint: 14:40:57 Max infected: 10000 Time
limit: 400

Transmission simulation complete. Time elapsed: 0 mins

Attempt 256 rejected: epidemic ended at day 2 (< 400 days).

Attempt 257 | Successful simulations: 7/10 | Seed = 3769143

Starting transmission simulation Timepoint: 14:40:57 Max infected: 10000 Time
limit: 400

Transmission simulation complete. Time elapsed: 0 mins

Attempt 257 rejected: epidemic ended at day 7 (< 400 days).

Attempt 258 | Successful simulations: 7/10 | Seed = 8740084

Starting transmission simulation Timepoint: 14:40:57 Max infected: 10000 Time
limit: 400

Transmission simulation complete. Time elapsed: 0 mins

Attempt 258 rejected: epidemic ended at day 6 (< 400 days).

Attempt 259 | Successful simulations: 7/10 | Seed = 728181

Starting transmission simulation Timepoint: 14:40:57 Max infected: 10000 Time
limit: 400

Transmission simulation complete. Time elapsed: 0 mins

Attempt 259 rejected: epidemic ended at day 25 (< 400 days).

Attempt 260 | Successful simulations: 7/10 | Seed = 1180420

Starting transmission simulation Timepoint: 14:40:57 Max infected: 10000 Time
limit: 400

Transmission simulation complete. Time elapsed: 0 mins

Attempt 260 rejected: epidemic ended at day 3 (< 400 days).

Attempt 261 | Successful simulations: 7/10 | Seed = 4179849

Starting transmission simulation Timepoint: 14:40:57 Max infected: 10000 Time
limit: 400

Transmission simulation complete. Time elapsed: 0.01 mins

Attempt 261 rejected: epidemic ended at day 69 (< 400 days).

Attempt 262 | Successful simulations: 7/10 | Seed = 8579061

Starting transmission simulation Timepoint: 14:40:58 Max infected: 10000 Time
limit: 400

Transmission simulation complete. Time elapsed: 0 mins

Attempt 262 rejected: epidemic ended at day 6 (< 400 days).

Attempt 263 | Successful simulations: 7/10 | Seed = 5502220

Starting transmission simulation Timepoint: 14:40:58 Max infected: 10000 Time
limit: 400

Transmission simulation complete. Time elapsed: 0 mins

Attempt 263 rejected: epidemic ended at day 11 (< 400 days).

Attempt 264 | Successful simulations: 7/10 | Seed = 6902322

Starting transmission simulation Timepoint: 14:40:58 Max infected: 10000 Time
limit: 400

Transmission simulation complete. Time elapsed: 0 mins

Attempt 264 rejected: epidemic ended at day 12 (< 400 days).

Attempt 265 | Successful simulations: 7/10 | Seed = 5543859

Starting transmission simulation Timepoint: 14:40:58 Max infected: 10000 Time
limit: 400

Transmission simulation complete. Time elapsed: 0 mins

Attempt 265 rejected: epidemic ended at day 3 (< 400 days).

Attempt 266 | Successful simulations: 7/10 | Seed = 547610

Starting transmission simulation Timepoint: 14:40:58 Max infected: 10000 Time
limit: 400

Transmission simulation complete. Time elapsed: 0 mins

Attempt 266 rejected: epidemic ended at day 14 (< 400 days).

Attempt 267 | Successful simulations: 7/10 | Seed = 8051303

Starting transmission simulation Timepoint: 14:40:59 Max infected: 10000 Time
limit: 400

Transmission simulation complete. Time elapsed: 0.01 mins

Attempt 267 rejected: epidemic ended at day 82 (< 400 days).

Attempt 268 | Successful simulations: 7/10 | Seed = 6349143

Starting transmission simulation Timepoint: 14:40:59 Max infected: 10000 Time
limit: 400

Transmission simulation complete. Time elapsed: 0.05 mins

Attempt 268 rejected: epidemic ended at day 327 (< 400 days).

Attempt 269 | Successful simulations: 7/10 | Seed = 2955423

Starting transmission simulation Timepoint: 14:41:02 Max infected: 10000 Time
limit: 400

Transmission simulation complete. Time elapsed: 0.02 mins

Attempt 269 rejected: epidemic ended at day 137 (< 400 days).

Attempt 270 | Successful simulations: 7/10 | Seed = 867355

Starting transmission simulation Timepoint: 14:41:03 Max infected: 10000 Time
limit: 400

Transmission simulation complete. Time elapsed: 0 mins

Attempt 270 rejected: epidemic ended at day 4 (< 400 days).

Attempt 271 | Successful simulations: 7/10 | Seed = 6887384

Starting transmission simulation Timepoint: 14:41:03 Max infected: 10000 Time
limit: 400

Transmission simulation complete. Time elapsed: 0 mins

Attempt 271 rejected: epidemic ended at day 4 (< 400 days).

Attempt 272 | Successful simulations: 7/10 | Seed = 6227357

Starting transmission simulation Timepoint: 14:41:03 Max infected: 10000 Time
limit: 400

Transmission simulation complete. Time elapsed: 0 mins

Attempt 272 rejected: epidemic ended at day 6 (< 400 days).

Attempt 273 | Successful simulations: 7/10 | Seed = 5203609

Starting transmission simulation Timepoint: 14:41:03 Max infected: 10000 Time
limit: 400

Transmission simulation complete. Time elapsed: 0 mins

Attempt 273 rejected: epidemic ended at day 6 (< 400 days).

Attempt 274 | Successful simulations: 7/10 | Seed = 6797433

Starting transmission simulation Timepoint: 14:41:03 Max infected: 10000 Time
limit: 400

Transmission simulation complete. Time elapsed: 0 mins

Attempt 274 rejected: epidemic ended at day 3 (< 400 days).

Attempt 275 | Successful simulations: 7/10 | Seed = 3352830

Starting transmission simulation Timepoint: 14:41:03 Max infected: 10000 Time
limit: 400

Transmission simulation complete. Time elapsed: 0 mins

Attempt 275 rejected: epidemic ended at day 9 (< 400 days).

Attempt 276 | Successful simulations: 7/10 | Seed = 224482

Starting transmission simulation Timepoint: 14:41:04 Max infected: 10000 Time
limit: 400

Transmission simulation complete. Time elapsed: 0 mins

Attempt 276 rejected: epidemic ended at day 8 (< 400 days).

Attempt 277 | Successful simulations: 7/10 | Seed = 1674863

Starting transmission simulation Timepoint: 14:41:04 Max infected: 10000 Time
limit: 400

Transmission simulation complete. Time elapsed: 0 mins

Attempt 277 rejected: epidemic ended at day 2 (< 400 days).

Attempt 278 | Successful simulations: 7/10 | Seed = 5283720

Starting transmission simulation Timepoint: 14:41:04 Max infected: 10000 Time
limit: 400

Transmission simulation complete. Time elapsed: 0 mins

Attempt 278 rejected: epidemic ended at day 5 (< 400 days).

Attempt 279 | Successful simulations: 7/10 | Seed = 4298035

Starting transmission simulation Timepoint: 14:41:04 Max infected: 10000 Time
limit: 400

Transmission simulation complete. Time elapsed: 0 mins

Attempt 279 rejected: epidemic ended at day 14 (< 400 days).

Attempt 280 | Successful simulations: 7/10 | Seed = 7640455

Starting transmission simulation Timepoint: 14:41:04 Max infected: 10000 Time
limit: 400

Transmission simulation complete. Time elapsed: 0 mins

Attempt 280 rejected: epidemic ended at day 13 (< 400 days).

Attempt 281 | Successful simulations: 7/10 | Seed = 9029356

Starting transmission simulation Timepoint: 14:41:04 Max infected: 10000 Time
limit: 400

Transmission simulation complete. Time elapsed: 0 mins

Attempt 281 rejected: epidemic ended at day 8 (< 400 days).

Attempt 282 | Successful simulations: 7/10 | Seed = 6011837

Starting transmission simulation Timepoint: 14:41:04 Max infected: 10000 Time
limit: 400

Transmission simulation complete. Time elapsed: 0 mins

Attempt 282 rejected: epidemic ended at day 3 (< 400 days).

Attempt 283 | Successful simulations: 7/10 | Seed = 1450645

Starting transmission simulation Timepoint: 14:41:04 Max infected: 10000 Time
limit: 400

Transmission simulation complete. Time elapsed: 0.01 mins

Attempt 283 rejected: epidemic ended at day 73 (< 400 days).

Attempt 284 | Successful simulations: 7/10 | Seed = 1511174

Starting transmission simulation Timepoint: 14:41:05 Max infected: 10000 Time
limit: 400

Transmission simulation complete. Time elapsed: 0 mins

Attempt 284 rejected: epidemic ended at day 24 (< 400 days).

Attempt 285 | Successful simulations: 7/10 | Seed = 4823780

Starting transmission simulation Timepoint: 14:41:05 Max infected: 10000 Time
limit: 400

Transmission simulation complete. Time elapsed: 0 mins

Attempt 285 rejected: epidemic ended at day 3 (< 400 days).

Attempt 286 | Successful simulations: 7/10 | Seed = 3266171

Starting transmission simulation Timepoint: 14:41:05 Max infected: 10000 Time
limit: 400

Transmission simulation complete. Time elapsed: 0 mins

Attempt 286 rejected: epidemic ended at day 6 (< 400 days).

Attempt 287 | Successful simulations: 7/10 | Seed = 5581673

Starting transmission simulation Timepoint: 14:41:05 Max infected: 10000 Time
limit: 400

Transmission simulation complete. Time elapsed: 0 mins

Attempt 287 rejected: epidemic ended at day 7 (< 400 days).

Attempt 288 | Successful simulations: 7/10 | Seed = 4932264

Starting transmission simulation Timepoint: 14:41:05 Max infected: 10000 Time
limit: 400

Transmission simulation complete. Time elapsed: 0 mins

Attempt 288 rejected: epidemic ended at day 12 (< 400 days).

Attempt 289 | Successful simulations: 7/10 | Seed = 167999

Starting transmission simulation Timepoint: 14:41:05 Max infected: 10000 Time
limit: 400

Transmission simulation complete. Time elapsed: 0.01 mins

Attempt 289 rejected: epidemic ended at day 38 (< 400 days).

Attempt 290 | Successful simulations: 7/10 | Seed = 1807276

Starting transmission simulation Timepoint: 14:41:06 Max infected: 10000 Time
limit: 400

Transmission simulation complete. Time elapsed: 0 mins

Attempt 290 rejected: epidemic ended at day 7 (< 400 days).

Attempt 291 | Successful simulations: 7/10 | Seed = 5895672

Starting transmission simulation Timepoint: 14:41:06 Max infected: 10000 Time
limit: 400

Transmission simulation complete. Time elapsed: 0 mins

Attempt 291 rejected: epidemic ended at day 18 (< 400 days).

Attempt 292 | Successful simulations: 7/10 | Seed = 6461377

Starting transmission simulation Timepoint: 14:41:06 Max infected: 10000 Time
limit: 400

Transmission simulation complete. Time elapsed: 0.07 mins

Successful simulation 8/10 obtained after 292 attempts.

Simulation 8 complete.

=========================================================================

Attempt 293 | Successful simulations: 8/10 | Seed = 1721689

Starting transmission simulation Timepoint: 14:41:13 Max infected: 10000 Time
limit: 400

Transmission simulation complete. Time elapsed: 0 mins

Attempt 293 rejected: epidemic ended at day 29 (< 400 days).

Attempt 294 | Successful simulations: 8/10 | Seed = 9129225

Starting transmission simulation Timepoint: 14:41:13 Max infected: 10000 Time
limit: 400

Transmission simulation complete. Time elapsed: 0 mins

Attempt 294 rejected: epidemic ended at day 11 (< 400 days).

Attempt 295 | Successful simulations: 8/10 | Seed = 2491545

Starting transmission simulation Timepoint: 14:41:13 Max infected: 10000 Time
limit: 400

Transmission simulation complete. Time elapsed: 0 mins

Attempt 295 rejected: epidemic ended at day 16 (< 400 days).

Attempt 296 | Successful simulations: 8/10 | Seed = 8999740

Starting transmission simulation Timepoint: 14:41:13 Max infected: 10000 Time
limit: 400

Transmission simulation complete. Time elapsed: 0 mins

Attempt 296 rejected: epidemic ended at day 29 (< 400 days).

Attempt 297 | Successful simulations: 8/10 | Seed = 2035261

Starting transmission simulation Timepoint: 14:41:14 Max infected: 10000 Time
limit: 400

Transmission simulation complete. Time elapsed: 0.07 mins

Successful simulation 9/10 obtained after 297 attempts.

Simulation 9 complete.

=========================================================================

Attempt 298 | Successful simulations: 9/10 | Seed = 2917214

Starting transmission simulation Timepoint: 14:41:22 Max infected: 10000 Time
limit: 400

Transmission simulation complete. Time elapsed: 0 mins

Attempt 298 rejected: epidemic ended at day 4 (< 400 days).

Attempt 299 | Successful simulations: 9/10 | Seed = 6344566

Starting transmission simulation Timepoint: 14:41:22 Max infected: 10000 Time
limit: 400

Transmission simulation complete. Time elapsed: 0 mins

Attempt 299 rejected: epidemic ended at day 3 (< 400 days).

Attempt 300 | Successful simulations: 9/10 | Seed = 5525882

Starting transmission simulation Timepoint: 14:41:22 Max infected: 10000 Time
limit: 400

Transmission simulation complete. Time elapsed: 0 mins

Attempt 300 rejected: epidemic ended at day 16 (< 400 days).

Attempt 301 | Successful simulations: 9/10 | Seed = 443770

Starting transmission simulation Timepoint: 14:41:22 Max infected: 10000 Time
limit: 400

Transmission simulation complete. Time elapsed: 0 mins

Attempt 301 rejected: epidemic ended at day 37 (< 400 days).

Attempt 302 | Successful simulations: 9/10 | Seed = 1491090

Starting transmission simulation Timepoint: 14:41:22 Max infected: 10000 Time
limit: 400

Transmission simulation complete. Time elapsed: 0 mins

Attempt 302 rejected: epidemic ended at day 1 (< 400 days).

Attempt 303 | Successful simulations: 9/10 | Seed = 1528970

Starting transmission simulation Timepoint: 14:41:22 Max infected: 10000 Time
limit: 400

Transmission simulation complete. Time elapsed: 0.01 mins

Attempt 303 rejected: epidemic ended at day 68 (< 400 days).

Attempt 304 | Successful simulations: 9/10 | Seed = 9662669

Starting transmission simulation Timepoint: 14:41:23 Max infected: 10000 Time
limit: 400

Transmission simulation complete. Time elapsed: 0 mins

Attempt 304 rejected: epidemic ended at day 11 (< 400 days).

Attempt 305 | Successful simulations: 9/10 | Seed = 1037517

Starting transmission simulation Timepoint: 14:41:23 Max infected: 10000 Time
limit: 400

Transmission simulation complete. Time elapsed: 0 mins

Attempt 305 rejected: epidemic ended at day 33 (< 400 days).

Attempt 306 | Successful simulations: 9/10 | Seed = 2409963

Starting transmission simulation Timepoint: 14:41:24 Max infected: 10000 Time
limit: 400

Transmission simulation complete. Time elapsed: 0 mins

Attempt 306 rejected: epidemic ended at day 4 (< 400 days).

Attempt 307 | Successful simulations: 9/10 | Seed = 5234751

Starting transmission simulation Timepoint: 14:41:24 Max infected: 10000 Time
limit: 400

Transmission simulation complete. Time elapsed: 0 mins

Attempt 307 rejected: epidemic ended at day 14 (< 400 days).

Attempt 308 | Successful simulations: 9/10 | Seed = 4328740

Starting transmission simulation Timepoint: 14:41:24 Max infected: 10000 Time
limit: 400

Transmission simulation complete. Time elapsed: 0.01 mins

Attempt 308 rejected: epidemic ended at day 56 (< 400 days).

Attempt 309 | Successful simulations: 9/10 | Seed = 1653746

Starting transmission simulation Timepoint: 14:41:25 Max infected: 10000 Time
limit: 400

Transmission simulation complete. Time elapsed: 0 mins

Attempt 309 rejected: epidemic ended at day 8 (< 400 days).

Attempt 310 | Successful simulations: 9/10 | Seed = 8957061

Starting transmission simulation Timepoint: 14:41:25 Max infected: 10000 Time
limit: 400

Transmission simulation complete. Time elapsed: 0 mins

Attempt 310 rejected: epidemic ended at day 9 (< 400 days).

Attempt 311 | Successful simulations: 9/10 | Seed = 8784660

Starting transmission simulation Timepoint: 14:41:25 Max infected: 10000 Time
limit: 400

Transmission simulation complete. Time elapsed: 0.01 mins

Attempt 311 rejected: epidemic ended at day 30 (< 400 days).

Attempt 312 | Successful simulations: 9/10 | Seed = 4502619

Starting transmission simulation Timepoint: 14:41:25 Max infected: 10000 Time
limit: 400

Transmission simulation complete. Time elapsed: 0 mins

Attempt 312 rejected: epidemic ended at day 6 (< 400 days).

Attempt 313 | Successful simulations: 9/10 | Seed = 8358451

Starting transmission simulation Timepoint: 14:41:25 Max infected: 10000 Time
limit: 400

Transmission simulation complete. Time elapsed: 0 mins

Attempt 313 rejected: epidemic ended at day 7 (< 400 days).

Attempt 314 | Successful simulations: 9/10 | Seed = 7827623

Starting transmission simulation Timepoint: 14:41:25 Max infected: 10000 Time
limit: 400

Transmission simulation complete. Time elapsed: 0 mins

Attempt 314 rejected: epidemic ended at day 14 (< 400 days).

Attempt 315 | Successful simulations: 9/10 | Seed = 5098084

Starting transmission simulation Timepoint: 14:41:26 Max infected: 10000 Time
limit: 400

Transmission simulation complete. Time elapsed: 0.02 mins

Attempt 315 rejected: epidemic ended at day 113 (< 400 days).

Attempt 316 | Successful simulations: 9/10 | Seed = 7246579

Starting transmission simulation Timepoint: 14:41:27 Max infected: 10000 Time
limit: 400

Transmission simulation complete. Time elapsed: 0 mins

Attempt 316 rejected: epidemic ended at day 12 (< 400 days).

Attempt 317 | Successful simulations: 9/10 | Seed = 7896898

Starting transmission simulation Timepoint: 14:41:27 Max infected: 10000 Time
limit: 400

Transmission simulation complete. Time elapsed: 0 mins

Attempt 317 rejected: epidemic ended at day 5 (< 400 days).

Attempt 318 | Successful simulations: 9/10 | Seed = 1107685

Starting transmission simulation Timepoint: 14:41:27 Max infected: 10000 Time
limit: 400

Transmission simulation complete. Time elapsed: 0.01 mins

Attempt 318 rejected: epidemic ended at day 84 (< 400 days).

Attempt 319 | Successful simulations: 9/10 | Seed = 4487848

Starting transmission simulation Timepoint: 14:41:28 Max infected: 10000 Time
limit: 400

Transmission simulation complete. Time elapsed: 0 mins

Attempt 319 rejected: epidemic ended at day 8 (< 400 days).

Attempt 320 | Successful simulations: 9/10 | Seed = 5316917

Starting transmission simulation Timepoint: 14:41:28 Max infected: 10000 Time
limit: 400

Transmission simulation complete. Time elapsed: 0 mins

Attempt 320 rejected: epidemic ended at day 11 (< 400 days).

Attempt 321 | Successful simulations: 9/10 | Seed = 5457458

Starting transmission simulation Timepoint: 14:41:28 Max infected: 10000 Time
limit: 400

Transmission simulation complete. Time elapsed: 0 mins

Attempt 321 rejected: epidemic ended at day 8 (< 400 days).

Attempt 322 | Successful simulations: 9/10 | Seed = 2310824

Starting transmission simulation Timepoint: 14:41:28 Max infected: 10000 Time
limit: 400

Transmission simulation complete. Time elapsed: 0 mins

Attempt 322 rejected: epidemic ended at day 13 (< 400 days).

Attempt 323 | Successful simulations: 9/10 | Seed = 8879765

Starting transmission simulation Timepoint: 14:41:29 Max infected: 10000 Time
limit: 400

Transmission simulation complete. Time elapsed: 0 mins

Attempt 323 rejected: epidemic ended at day 16 (< 400 days).

Attempt 324 | Successful simulations: 9/10 | Seed = 4543583

Starting transmission simulation Timepoint: 14:41:29 Max infected: 10000 Time
limit: 400

Transmission simulation complete. Time elapsed: 0 mins

Attempt 324 rejected: epidemic ended at day 8 (< 400 days).

Attempt 325 | Successful simulations: 9/10 | Seed = 7151865

Starting transmission simulation Timepoint: 14:41:29 Max infected: 10000 Time
limit: 400

Transmission simulation complete. Time elapsed: 0 mins

Attempt 325 rejected: epidemic ended at day 5 (< 400 days).

Attempt 326 | Successful simulations: 9/10 | Seed = 9081194

Starting transmission simulation Timepoint: 14:41:29 Max infected: 10000 Time
limit: 400

Transmission simulation complete. Time elapsed: 0 mins

Attempt 326 rejected: epidemic ended at day 8 (< 400 days).

Attempt 327 | Successful simulations: 9/10 | Seed = 6633675

Starting transmission simulation Timepoint: 14:41:29 Max infected: 10000 Time
limit: 400

Transmission simulation complete. Time elapsed: 0 mins

Attempt 327 rejected: epidemic ended at day 5 (< 400 days).

Attempt 328 | Successful simulations: 9/10 | Seed = 376797

Starting transmission simulation Timepoint: 14:41:29 Max infected: 10000 Time
limit: 400

Transmission simulation complete. Time elapsed: 0 mins

Attempt 328 rejected: epidemic ended at day 3 (< 400 days).

Attempt 329 | Successful simulations: 9/10 | Seed = 9955986

Starting transmission simulation Timepoint: 14:41:29 Max infected: 10000 Time
limit: 400

Transmission simulation complete. Time elapsed: 0 mins

Attempt 329 rejected: epidemic ended at day 5 (< 400 days).

Attempt 330 | Successful simulations: 9/10 | Seed = 8025513

Starting transmission simulation Timepoint: 14:41:29 Max infected: 10000 Time
limit: 400

Transmission simulation complete. Time elapsed: 0.01 mins

Attempt 330 rejected: epidemic ended at day 23 (< 400 days).

Attempt 331 | Successful simulations: 9/10 | Seed = 6498932

Starting transmission simulation Timepoint: 14:41:30 Max infected: 10000 Time
limit: 400

Transmission simulation complete. Time elapsed: 0.05 mins

Attempt 331 rejected: epidemic ended at day 312 (< 400 days).

Attempt 332 | Successful simulations: 9/10 | Seed = 9255058

Starting transmission simulation Timepoint: 14:41:33 Max infected: 10000 Time
limit: 400

Transmission simulation complete. Time elapsed: 0 mins

Attempt 332 rejected: epidemic ended at day 28 (< 400 days).

Attempt 333 | Successful simulations: 9/10 | Seed = 7608288

Starting transmission simulation Timepoint: 14:41:33 Max infected: 10000 Time
limit: 400

Transmission simulation complete. Time elapsed: 0 mins

Attempt 333 rejected: epidemic ended at day 17 (< 400 days).

Attempt 334 | Successful simulations: 9/10 | Seed = 5633412

Starting transmission simulation Timepoint: 14:41:33 Max infected: 10000 Time
limit: 400

Transmission simulation complete. Time elapsed: 0 mins

Attempt 334 rejected: epidemic ended at day 3 (< 400 days).

Attempt 335 | Successful simulations: 9/10 | Seed = 6279850

Starting transmission simulation Timepoint: 14:41:33 Max infected: 10000 Time
limit: 400

Transmission simulation complete. Time elapsed: 0.02 mins

Attempt 335 rejected: epidemic ended at day 145 (< 400 days).

Attempt 336 | Successful simulations: 9/10 | Seed = 519633

Starting transmission simulation Timepoint: 14:41:35 Max infected: 10000 Time
limit: 400

Transmission simulation complete. Time elapsed: 0 mins

Attempt 336 rejected: epidemic ended at day 18 (< 400 days).

Attempt 337 | Successful simulations: 9/10 | Seed = 7696752

Starting transmission simulation Timepoint: 14:41:35 Max infected: 10000 Time
limit: 400

Transmission simulation complete. Time elapsed: 0 mins

Attempt 337 rejected: epidemic ended at day 3 (< 400 days).

Attempt 338 | Successful simulations: 9/10 | Seed = 3615734

Starting transmission simulation Timepoint: 14:41:35 Max infected: 10000 Time
limit: 400

Transmission simulation complete. Time elapsed: 0 mins

Attempt 338 rejected: epidemic ended at day 4 (< 400 days).

Attempt 339 | Successful simulations: 9/10 | Seed = 9868809

Starting transmission simulation Timepoint: 14:41:35 Max infected: 10000 Time
limit: 400

Transmission simulation complete. Time elapsed: 0 mins

Attempt 339 rejected: epidemic ended at day 16 (< 400 days).

Attempt 340 | Successful simulations: 9/10 | Seed = 4592571

Starting transmission simulation Timepoint: 14:41:35 Max infected: 10000 Time
limit: 400

Transmission simulation complete. Time elapsed: 0.01 mins

Attempt 340 rejected: epidemic ended at day 30 (< 400 days).

Attempt 341 | Successful simulations: 9/10 | Seed = 4897107

Starting transmission simulation Timepoint: 14:41:36 Max infected: 10000 Time
limit: 400

Transmission simulation complete. Time elapsed: 0 mins

Attempt 341 rejected: epidemic ended at day 3 (< 400 days).

Attempt 342 | Successful simulations: 9/10 | Seed = 8959283

Starting transmission simulation Timepoint: 14:41:36 Max infected: 10000 Time
limit: 400

Transmission simulation complete. Time elapsed: 0 mins

Attempt 342 rejected: epidemic ended at day 14 (< 400 days).

Attempt 343 | Successful simulations: 9/10 | Seed = 9931838

Starting transmission simulation Timepoint: 14:41:36 Max infected: 10000 Time
limit: 400

Transmission simulation complete. Time elapsed: 0 mins

Attempt 343 rejected: epidemic ended at day 10 (< 400 days).

Attempt 344 | Successful simulations: 9/10 | Seed = 4623440

Starting transmission simulation Timepoint: 14:41:36 Max infected: 10000 Time
limit: 400

Transmission simulation complete. Time elapsed: 0 mins

Attempt 344 rejected: epidemic ended at day 9 (< 400 days).

Attempt 345 | Successful simulations: 9/10 | Seed = 9426028

Starting transmission simulation Timepoint: 14:41:36 Max infected: 10000 Time
limit: 400

Transmission simulation complete. Time elapsed: 0 mins

Attempt 345 rejected: epidemic ended at day 6 (< 400 days).

Attempt 346 | Successful simulations: 9/10 | Seed = 7076804

Starting transmission simulation Timepoint: 14:41:36 Max infected: 10000 Time
limit: 400

Transmission simulation complete. Time elapsed: 0 mins

Attempt 346 rejected: epidemic ended at day 23 (< 400 days).

Attempt 347 | Successful simulations: 9/10 | Seed = 5245163

Starting transmission simulation Timepoint: 14:41:36 Max infected: 10000 Time
limit: 400

Transmission simulation complete. Time elapsed: 0 mins

Attempt 347 rejected: epidemic ended at day 9 (< 400 days).

Attempt 348 | Successful simulations: 9/10 | Seed = 8721996

Starting transmission simulation Timepoint: 14:41:36 Max infected: 10000 Time
limit: 400

Transmission simulation complete. Time elapsed: 0 mins

Attempt 348 rejected: epidemic ended at day 21 (< 400 days).

Attempt 349 | Successful simulations: 9/10 | Seed = 6073567

Starting transmission simulation Timepoint: 14:41:37 Max infected: 10000 Time
limit: 400

Transmission simulation complete. Time elapsed: 0 mins

Attempt 349 rejected: epidemic ended at day 10 (< 400 days).

Attempt 350 | Successful simulations: 9/10 | Seed = 1291518

Starting transmission simulation Timepoint: 14:41:37 Max infected: 10000 Time
limit: 400

Transmission simulation complete. Time elapsed: 0 mins

Attempt 350 rejected: epidemic ended at day 8 (< 400 days).

Attempt 351 | Successful simulations: 9/10 | Seed = 946693

Starting transmission simulation Timepoint: 14:41:37 Max infected: 10000 Time
limit: 400

Transmission simulation complete. Time elapsed: 0 mins

Attempt 351 rejected: epidemic ended at day 8 (< 400 days).

Attempt 352 | Successful simulations: 9/10 | Seed = 8519538

Starting transmission simulation Timepoint: 14:41:37 Max infected: 10000 Time
limit: 400

Transmission simulation complete. Time elapsed: 0 mins

Attempt 352 rejected: epidemic ended at day 4 (< 400 days).

Attempt 353 | Successful simulations: 9/10 | Seed = 7058213

Starting transmission simulation Timepoint: 14:41:37 Max infected: 10000 Time
limit: 400

Transmission simulation complete. Time elapsed: 0 mins

Attempt 353 rejected: epidemic ended at day 11 (< 400 days).

Attempt 354 | Successful simulations: 9/10 | Seed = 5410666

Starting transmission simulation Timepoint: 14:41:37 Max infected: 10000 Time
limit: 400

Transmission simulation complete. Time elapsed: 0 mins

Attempt 354 rejected: epidemic ended at day 33 (< 400 days).

Attempt 355 | Successful simulations: 9/10 | Seed = 6148398

Starting transmission simulation Timepoint: 14:41:37 Max infected: 10000 Time
limit: 400

Transmission simulation complete. Time elapsed: 0 mins

Attempt 355 rejected: epidemic ended at day 8 (< 400 days).

Attempt 356 | Successful simulations: 9/10 | Seed = 9401203

Starting transmission simulation Timepoint: 14:41:37 Max infected: 10000 Time
limit: 400

Transmission simulation complete. Time elapsed: 0 mins

Attempt 356 rejected: epidemic ended at day 6 (< 400 days).

Attempt 357 | Successful simulations: 9/10 | Seed = 6290296

Starting transmission simulation Timepoint: 14:41:37 Max infected: 10000 Time
limit: 400

Transmission simulation complete. Time elapsed: 0 mins

Attempt 357 rejected: epidemic ended at day 8 (< 400 days).

Attempt 358 | Successful simulations: 9/10 | Seed = 5094788

Starting transmission simulation Timepoint: 14:41:38 Max infected: 10000 Time
limit: 400

Transmission simulation complete. Time elapsed: 0 mins

Attempt 358 rejected: epidemic ended at day 5 (< 400 days).

Attempt 359 | Successful simulations: 9/10 | Seed = 789333

Starting transmission simulation Timepoint: 14:41:38 Max infected: 10000 Time
limit: 400

Transmission simulation complete. Time elapsed: 0.01 mins

Attempt 359 rejected: epidemic ended at day 59 (< 400 days).

Attempt 360 | Successful simulations: 9/10 | Seed = 8690254

Starting transmission simulation Timepoint: 14:41:38 Max infected: 10000 Time
limit: 400

Transmission simulation complete. Time elapsed: 0 mins

Attempt 360 rejected: epidemic ended at day 16 (< 400 days).

Attempt 361 | Successful simulations: 9/10 | Seed = 6004110

Starting transmission simulation Timepoint: 14:41:38 Max infected: 10000 Time
limit: 400

Transmission simulation complete. Time elapsed: 0.01 mins

Attempt 361 rejected: epidemic ended at day 49 (< 400 days).

Attempt 362 | Successful simulations: 9/10 | Seed = 9021282

Starting transmission simulation Timepoint: 14:41:38 Max infected: 10000 Time
limit: 400

Transmission simulation complete. Time elapsed: 0 mins

Attempt 362 rejected: epidemic ended at day 5 (< 400 days).

Attempt 363 | Successful simulations: 9/10 | Seed = 1204126

Starting transmission simulation Timepoint: 14:41:39 Max infected: 10000 Time
limit: 400

Transmission simulation complete. Time elapsed: 0 mins

Attempt 363 rejected: epidemic ended at day 7 (< 400 days).

Attempt 364 | Successful simulations: 9/10 | Seed = 3885400

Starting transmission simulation Timepoint: 14:41:39 Max infected: 10000 Time
limit: 400

Transmission simulation complete. Time elapsed: 0 mins

Attempt 364 rejected: epidemic ended at day 3 (< 400 days).

Attempt 365 | Successful simulations: 9/10 | Seed = 6020296

Starting transmission simulation Timepoint: 14:41:39 Max infected: 10000 Time
limit: 400

Transmission simulation complete. Time elapsed: 0 mins

Attempt 365 rejected: epidemic ended at day 21 (< 400 days).

Attempt 366 | Successful simulations: 9/10 | Seed = 9323645

Starting transmission simulation Timepoint: 14:41:39 Max infected: 10000 Time
limit: 400

Transmission simulation complete. Time elapsed: 0 mins

Attempt 366 rejected: epidemic ended at day 3 (< 400 days).

Attempt 367 | Successful simulations: 9/10 | Seed = 4259233

Starting transmission simulation Timepoint: 14:41:39 Max infected: 10000 Time
limit: 400

Transmission simulation complete. Time elapsed: 0 mins

Attempt 367 rejected: epidemic ended at day 22 (< 400 days).

Attempt 368 | Successful simulations: 9/10 | Seed = 6585744

Starting transmission simulation Timepoint: 14:41:39 Max infected: 10000 Time
limit: 400

Transmission simulation complete. Time elapsed: 0.01 mins

Attempt 368 rejected: epidemic ended at day 99 (< 400 days).

Attempt 369 | Successful simulations: 9/10 | Seed = 925547

Starting transmission simulation Timepoint: 14:41:40 Max infected: 10000 Time
limit: 400

Transmission simulation complete. Time elapsed: 0 mins

Attempt 369 rejected: epidemic ended at day 4 (< 400 days).

Attempt 370 | Successful simulations: 9/10 | Seed = 2695581

Starting transmission simulation Timepoint: 14:41:40 Max infected: 10000 Time
limit: 400

Transmission simulation complete. Time elapsed: 0 mins

Attempt 370 rejected: epidemic ended at day 3 (< 400 days).

Attempt 371 | Successful simulations: 9/10 | Seed = 8866969

Starting transmission simulation Timepoint: 14:41:40 Max infected: 10000 Time
limit: 400

Transmission simulation complete. Time elapsed: 0 mins

Attempt 371 rejected: epidemic ended at day 16 (< 400 days).

Attempt 372 | Successful simulations: 9/10 | Seed = 3891088

Starting transmission simulation Timepoint: 14:41:40 Max infected: 10000 Time
limit: 400

Transmission simulation complete. Time elapsed: 0 mins

Attempt 372 rejected: epidemic ended at day 8 (< 400 days).

Attempt 373 | Successful simulations: 9/10 | Seed = 3685201

Starting transmission simulation Timepoint: 14:41:40 Max infected: 10000 Time
limit: 400

Transmission simulation complete. Time elapsed: 0 mins

Attempt 373 rejected: epidemic ended at day 10 (< 400 days).

Attempt 374 | Successful simulations: 9/10 | Seed = 7835108

Starting transmission simulation Timepoint: 14:41:40 Max infected: 10000 Time
limit: 400

Transmission simulation complete. Time elapsed: 0.16 mins

Successful simulation 10/10 obtained after 374 attempts.

Simulation 10 complete.

=========================================================================

All 10 successful simulations completed after 374 attempts.

